Hugo_Symbol,AAA_ref,AAC_ref,AAG_ref,AAT_ref,ACA_ref,ACC_ref,ACG_ref,ACT_ref,AGA_ref,AGC_ref,AGG_ref,ATA_ref,ATC_ref,ATG_ref,CAA_ref,CAC_ref,CAG_ref,CCA_ref,CCC_ref,CCG_ref,CGA_ref,CGC_ref,CTA_ref,CTC_ref,GAA_ref,GAC_ref,GCA_ref,GCC_ref,GGA_ref,GTA_ref,TAA_ref,TCA_ref,score (CHASM)
A3GALT2,0.0,0.0,1.0,0.0,1.0,1.0,0.0,0.0,2.0,0.0,0.0,1.0,0.0,0.0,0.0,2.0,4.0,3.0,4.0,6.0,2.0,0.0,0.0,1.0,2.0,0.0,0.0,4.0,0.0,0.0,1.0,3.0,0.3354999999999999
ABCE1,21.0,1.0,11.0,18.0,0.0,9.0,1.0,6.0,6.0,3.0,8.0,8.0,7.0,38.0,7.0,4.0,16.0,18.0,1.0,0.0,1.0,2.0,8.0,2.0,6.0,5.0,1.0,1.0,8.0,9.0,12.0,1.0,0.5356
ABL1,31.0,0.0,20.0,10.0,11.0,21.0,18.0,19.0,12.0,8.0,22.0,0.0,11.0,4.0,21.0,26.0,30.0,26.0,21.0,16.0,8.0,3.0,2.0,23.0,10.0,9.0,29.0,41.0,34.0,0.0,4.0,18.0,0.6256307692307692
ABRA,16.0,4.0,9.0,4.0,11.0,12.0,1.0,1.0,15.0,9.0,12.0,7.0,1.0,18.0,15.0,10.0,4.0,31.0,1.0,16.0,0.0,3.0,2.0,8.0,5.0,14.0,2.0,21.0,15.0,2.0,1.0,29.0,0.4283599999999998
AC006946.15,0.0,0.0,0.0,0.0,0.0,0.0,0.0,0.0,0.0,0.0,1.0,0.0,0.0,1.0,0.0,0.0,0.0,1.0,0.0,0.0,0.0,0.0,0.0,3.0,0.0,0.0,0.0,0.0,0.0,0.0,0.0,0.0,0.35
AC009065.1,0.0,0.0,0.0,0.0,0.0,0.0,0.0,0.0,0.0,0.0,0.0,0.0,0.0,0.0,0.0,0.0,1.0,0.0,0.0,0.0,0.0,4.0,0.0,0.0,0.0,0.0,0.0,0.0,0.0,0.0,0.0,0.0,0.304
AC020922.1,0.0,0.0,0.0,0.0,0.0,2.0,0.0,0.0,0.0,0.0,6.0,0.0,0.0,0.0,0.0,0.0,0.0,2.0,2.0,0.0,0.0,0.0,1.0,0.0,0.0,0.0,1.0,3.0,0.0,0.0,0.0,0.0,0.212
AC103801.2,0.0,0.0,0.0,0.0,0.0,0.0,0.0,0.0,0.0,0.0,0.0,0.0,0.0,0.0,0.0,0.0,0.0,0.0,0.0,0.0,0.0,0.0,0.0,0.0,0.0,1.0,0.0,1.0,0.0,0.0,0.0,0.0,0.158
AC106876.2,0.0,0.0,4.0,0.0,0.0,0.0,0.0,0.0,0.0,0.0,0.0,0.0,0.0,0.0,0.0,0.0,1.0,0.0,0.0,0.0,0.0,0.0,0.0,0.0,0.0,0.0,0.0,0.0,0.0,0.0,0.0,0.0,0.184
ACAP1,7.0,3.0,11.0,2.0,1.0,10.0,4.0,2.0,5.0,13.0,15.0,1.0,4.0,15.0,14.0,14.0,12.0,22.0,13.0,5.0,2.0,10.0,0.0,40.0,12.0,16.0,26.0,9.0,15.0,0.0,3.0,8.0,0.4946382978723404
ACVR1C,31.0,26.0,7.0,2.0,12.0,12.0,0.0,42.0,4.0,58.0,15.0,4.0,3.0,5.0,12.0,8.0,7.0,13.0,38.0,10.0,0.0,0.0,5.0,4.0,12.0,11.0,4.0,28.0,16.0,1.0,7.0,18.0,0.60488
ADAM11,2.0,5.0,15.0,3.0,7.0,18.0,4.0,4.0,4.0,9.0,24.0,0.0,12.0,3.0,0.0,22.0,19.0,13.0,27.0,6.0,12.0,1.0,3.0,21.0,0.0,9.0,9.0,14.0,7.0,2.0,10.0,7.0,0.6492413793103448
ADARB1,34.0,2.0,32.0,5.0,13.0,11.0,3.0,28.0,29.0,9.0,7.0,0.0,33.0,21.0,5.0,34.0,39.0,39.0,23.0,2.0,1.0,7.0,2.0,7.0,4.0,21.0,15.0,23.0,48.0,4.0,7.0,9.0,0.7181666666666666
ADCK5,2.0,2.0,4.0,1.0,5.0,10.0,5.0,6.0,1.0,12.0,7.0,8.0,1.0,6.0,3.0,5.0,17.0,5.0,6.0,4.0,3.0,4.0,0.0,3.0,2.0,3.0,1.0,7.0,0.0,5.0,0.0,2.0,0.4777599999999999
AGO2,19.0,3.0,22.0,5.0,37.0,14.0,15.0,8.0,23.0,8.0,12.0,12.0,3.0,27.0,13.0,16.0,46.0,23.0,31.0,12.0,2.0,4.0,6.0,70.0,28.0,30.0,15.0,22.0,7.0,8.0,7.0,11.0,0.7576610169491526
AGPAT2,0.0,0.0,10.0,0.0,4.0,0.0,1.0,3.0,0.0,3.0,1.0,0.0,0.0,3.0,0.0,3.0,0.0,2.0,7.0,6.0,3.0,10.0,0.0,4.0,1.0,1.0,0.0,2.0,6.0,0.0,0.0,1.0,0.368
AKT1,0.0,4.0,4.0,0.0,12.0,3.0,6.0,2.0,3.0,8.0,9.0,0.0,1.0,1.0,3.0,25.0,7.0,24.0,3.0,2.0,1.0,7.0,3424.0,4.0,8.0,6.0,13.0,19.0,21.0,62.0,0.0,3.0,0.62288
ALG2,9.0,0.0,5.0,4.0,4.0,6.0,0.0,3.0,19.0,5.0,0.0,5.0,6.0,9.0,3.0,2.0,0.0,4.0,2.0,0.0,0.0,1.0,2.0,10.0,12.0,3.0,1.0,0.0,7.0,1.0,4.0,4.0,0.370952380952381
ALK,28.0,24.0,33.0,41.0,29.0,17.0,7.0,14.0,25.0,49.0,58.0,17.0,32.0,63.0,24.0,43.0,55.0,74.0,36.0,24.0,13.0,12.0,27.0,43.0,30.0,36.0,51.0,86.0,35.0,7.0,7.0,16.0,0.5490606060606059
ALPI,0.0,4.0,15.0,8.0,12.0,5.0,10.0,10.0,6.0,31.0,18.0,56.0,1.0,14.0,2.0,11.0,24.0,24.0,10.0,14.0,13.0,18.0,9.0,13.0,13.0,25.0,5.0,24.0,4.0,1.0,1.0,12.0,0.3675348837209303
AMELX,1.0,6.0,2.0,2.0,11.0,5.0,0.0,6.0,3.0,4.0,6.0,1.0,5.0,11.0,7.0,0.0,10.0,5.0,8.0,4.0,0.0,1.0,7.0,9.0,0.0,2.0,1.0,4.0,4.0,2.0,4.0,4.0,0.4548695652173913
AMICA1,11.0,3.0,3.0,9.0,5.0,4.0,0.0,1.0,7.0,14.0,4.0,84.0,2.0,7.0,5.0,12.0,10.0,26.0,1.0,9.0,1.0,0.0,3.0,6.0,11.0,3.0,11.0,29.0,8.0,1.0,12.0,6.0,0.4302068965517241
AP003733.1,1.0,0.0,0.0,0.0,0.0,0.0,0.0,0.0,0.0,2.0,0.0,0.0,0.0,0.0,0.0,1.0,0.0,0.0,1.0,0.0,0.0,0.0,3.0,0.0,0.0,0.0,0.0,0.0,0.0,0.0,0.0,0.0,
APOBEC3G,9.0,1.0,14.0,4.0,4.0,2.0,1.0,1.0,2.0,15.0,2.0,0.0,2.0,24.0,3.0,10.0,5.0,14.0,3.0,8.0,0.0,6.0,1.0,5.0,3.0,7.0,8.0,17.0,5.0,4.0,3.0,6.0,0.4588888888888888
APOC3,0.0,1.0,1.0,0.0,2.0,2.0,1.0,0.0,1.0,1.0,0.0,1.0,3.0,0.0,10.0,4.0,5.0,4.0,2.0,0.0,1.0,1.0,4.0,2.0,0.0,0.0,2.0,6.0,11.0,4.0,2.0,0.0,0.3631428571428571
ARAF,6.0,7.0,2.0,2.0,9.0,11.0,8.0,7.0,10.0,8.0,10.0,2.0,2.0,21.0,9.0,7.0,9.0,19.0,17.0,7.0,1.0,1.0,2.0,36.0,8.0,10.0,7.0,15.0,11.0,3.0,3.0,2.0,0.4754736842105262
ARFGAP3,2.0,2.0,5.0,7.0,8.0,6.0,1.0,4.0,5.0,5.0,5.0,5.0,2.0,1.0,16.0,3.0,27.0,2.0,6.0,0.0,0.0,1.0,0.0,4.0,1.0,4.0,4.0,2.0,5.0,1.0,0.0,1.0,0.4321904761904762
ARHGAP4,2.0,3.0,5.0,0.0,5.0,5.0,4.0,8.0,11.0,53.0,8.0,1.0,6.0,24.0,1.0,24.0,34.0,27.0,42.0,18.0,4.0,23.0,0.0,15.0,13.0,9.0,22.0,14.0,3.0,7.0,0.0,0.0,0.498774193548387
ARL2,0.0,0.0,1.0,0.0,0.0,3.0,2.0,0.0,1.0,2.0,11.0,0.0,1.0,3.0,0.0,3.0,4.0,8.0,10.0,1.0,0.0,2.0,5.0,4.0,0.0,19.0,6.0,1.0,4.0,0.0,0.0,0.0,0.5433333333333333
ARL2BP,2.0,0.0,12.0,2.0,3.0,1.0,0.0,6.0,15.0,3.0,2.0,0.0,1.0,3.0,2.0,1.0,2.0,1.0,0.0,0.0,0.0,1.0,0.0,1.0,1.0,1.0,1.0,1.0,2.0,0.0,0.0,0.0,0.454
ARTN,0.0,1.0,0.0,0.0,1.0,1.0,1.0,0.0,1.0,4.0,6.0,0.0,0.0,0.0,4.0,0.0,1.0,1.0,2.0,0.0,1.0,5.0,0.0,1.0,0.0,2.0,1.0,4.0,2.0,1.0,0.0,1.0,0.4006666666666666
ATAD2B,27.0,21.0,23.0,10.0,6.0,15.0,1.0,6.0,28.0,5.0,20.0,26.0,8.0,8.0,14.0,15.0,17.0,19.0,5.0,0.0,1.0,0.0,15.0,10.0,21.0,9.0,7.0,23.0,4.0,2.0,19.0,43.0,0.4934626865671641
ATM,66.0,36.0,67.0,519.0,69.0,30.0,10.0,32.0,122.0,58.0,43.0,216.0,35.0,38.0,68.0,128.0,46.0,31.0,12.0,10.0,3.0,7.0,37.0,14.0,57.0,50.0,41.0,19.0,38.0,57.0,57.0,65.0,0.6621531531531534
ATOX1,0.0,0.0,1.0,0.0,1.0,2.0,0.0,1.0,0.0,0.0,1.0,0.0,0.0,1.0,1.0,0.0,0.0,1.0,1.0,1.0,0.0,0.0,0.0,1.0,0.0,0.0,0.0,0.0,0.0,0.0,0.0,0.0,0.436
ATP5L,2.0,4.0,2.0,0.0,0.0,0.0,0.0,0.0,6.0,7.0,0.0,0.0,1.0,2.0,3.0,2.0,1.0,2.0,1.0,2.0,1.0,0.0,0.0,0.0,2.0,0.0,3.0,0.0,0.0,0.0,0.0,6.0,0.3971428571428571
ATP6V1B2,8.0,15.0,4.0,8.0,1.0,22.0,1.0,22.0,28.0,13.0,10.0,3.0,2.0,6.0,11.0,1.0,32.0,8.0,1.0,1.0,1.0,0.0,2.0,61.0,5.0,8.0,8.0,4.0,9.0,4.0,6.0,9.0,0.4874545454545455
B4GALT2,0.0,0.0,1.0,1.0,0.0,3.0,3.0,0.0,1.0,4.0,12.0,2.0,4.0,16.0,12.0,10.0,18.0,15.0,11.0,11.0,9.0,0.0,4.0,6.0,6.0,12.0,13.0,10.0,0.0,3.0,1.0,7.0,0.5013684210526316
BAIAP2L1,8.0,1.0,17.0,5.0,5.0,11.0,1.0,4.0,17.0,11.0,11.0,2.0,13.0,17.0,12.0,12.0,3.0,1.0,4.0,6.0,14.0,3.0,0.0,8.0,33.0,3.0,11.0,48.0,7.0,33.0,8.0,13.0,0.4583636363636362
BCS1L,1.0,16.0,4.0,1.0,11.0,1.0,0.0,1.0,2.0,4.0,8.0,0.0,1.0,2.0,9.0,5.0,4.0,5.0,5.0,1.0,1.0,0.0,1.0,11.0,1.0,3.0,1.0,13.0,3.0,2.0,0.0,3.0,0.5103076923076924
BGN,0.0,1.0,11.0,0.0,1.0,3.0,0.0,8.0,3.0,10.0,4.0,0.0,11.0,5.0,0.0,10.0,70.0,40.0,6.0,2.0,3.0,6.0,0.0,7.0,13.0,2.0,5.0,21.0,23.0,17.0,0.0,2.0,0.4237391304347826
BOD1L1,122.0,28.0,44.0,48.0,46.0,14.0,6.0,28.0,53.0,35.0,25.0,16.0,17.0,35.0,28.0,25.0,44.0,48.0,17.0,8.0,3.0,2.0,31.0,32.0,182.0,15.0,26.0,9.0,25.0,15.0,13.0,84.0,0.3270702702702701
BRAF,60.0,3.0,37.0,457.0,3071.0,9.0,1.0,20.0,8.0,45.0,31.0,3.0,212.0,125.0,14.0,11.0,257.0,38.0,2.0,0.0,11.0,1.0,25483.0,105.0,22.0,0.0,4.0,2.0,8.0,378291.0,8.0,4.0,0.7227792207792207
BRCA1,48.0,15.0,40.0,19.0,16.0,16.0,1.0,9.0,45.0,16.0,15.0,7.0,19.0,24.0,36.0,7.0,20.0,10.0,7.0,0.0,2.0,1.0,13.0,27.0,22.0,6.0,21.0,8.0,8.0,15.0,32.0,17.0,0.7390545454545454
BRCA2,121.0,69.0,107.0,53.0,42.0,20.0,5.0,23.0,78.0,30.0,24.0,25.0,26.0,47.0,42.0,18.0,24.0,20.0,5.0,2.0,1.0,2.0,33.0,31.0,76.0,13.0,32.0,15.0,21.0,30.0,66.0,61.0,0.7231906976744187
C10orf88,12.0,3.0,3.0,3.0,6.0,1.0,0.0,5.0,4.0,2.0,4.0,0.0,3.0,4.0,4.0,20.0,7.0,10.0,1.0,0.0,0.0,4.0,1.0,9.0,15.0,2.0,0.0,2.0,16.0,0.0,9.0,1.0,0.3048888888888889
C11orf53,1.0,3.0,3.0,0.0,3.0,10.0,0.0,9.0,9.0,1.0,7.0,0.0,1.0,5.0,8.0,7.0,0.0,5.0,4.0,0.0,1.0,4.0,1.0,5.0,1.0,3.0,22.0,8.0,4.0,2.0,1.0,3.0,0.3832631578947368
C14orf142,1.0,8.0,7.0,0.0,3.0,0.0,0.0,0.0,0.0,3.0,5.0,0.0,0.0,1.0,0.0,2.0,2.0,1.0,0.0,3.0,0.0,1.0,0.0,1.0,4.0,0.0,4.0,3.0,0.0,1.0,3.0,0.0,0.353
C14orf79,2.0,1.0,0.0,8.0,1.0,6.0,1.0,1.0,0.0,4.0,5.0,3.0,2.0,1.0,1.0,2.0,1.0,9.0,3.0,0.0,2.0,0.0,1.0,3.0,5.0,6.0,2.0,1.0,4.0,2.0,3.0,7.0,0.3081333333333333
C17orf75,7.0,1.0,2.0,2.0,3.0,2.0,0.0,1.0,1.0,7.0,5.0,1.0,2.0,4.0,4.0,1.0,3.0,8.0,0.0,0.0,1.0,7.0,6.0,7.0,11.0,0.0,2.0,3.0,8.0,2.0,9.0,7.0,0.3986
C17orf77,37.0,4.0,16.0,8.0,14.0,1.0,0.0,6.0,11.0,2.0,14.0,3.0,6.0,7.0,14.0,5.0,10.0,12.0,11.0,1.0,0.0,0.0,19.0,16.0,5.0,18.0,1.0,7.0,12.0,0.0,1.0,25.0,0.32125
C1orf21,22.0,2.0,10.0,3.0,6.0,9.0,1.0,2.0,7.0,2.0,5.0,2.0,2.0,0.0,16.0,2.0,4.0,4.0,0.0,1.0,1.0,1.0,8.0,6.0,7.0,4.0,2.0,1.0,4.0,3.0,2.0,12.0,0.4791999999999999
C2orf76,3.0,1.0,1.0,2.0,12.0,1.0,0.0,8.0,3.0,0.0,0.0,5.0,1.0,8.0,1.0,1.0,8.0,1.0,0.0,0.0,1.0,0.0,1.0,0.0,1.0,3.0,1.0,0.0,0.0,0.0,9.0,0.0,0.5095555555555555
C3orf22,6.0,12.0,1.0,0.0,0.0,3.0,0.0,1.0,3.0,4.0,3.0,0.0,1.0,0.0,17.0,3.0,11.0,2.0,1.0,2.0,1.0,1.0,0.0,22.0,1.0,0.0,4.0,6.0,1.0,1.0,0.0,33.0,0.3041666666666666
C4orf47,3.0,0.0,1.0,2.0,2.0,1.0,0.0,2.0,2.0,0.0,0.0,1.0,0.0,2.0,0.0,1.0,1.0,1.0,0.0,0.0,1.0,1.0,1.0,3.0,0.0,1.0,5.0,1.0,0.0,0.0,1.0,3.0,0.3427499999999999
C4orf50,11.0,0.0,14.0,2.0,2.0,1.0,18.0,8.0,5.0,9.0,16.0,1.0,0.0,0.0,14.0,12.0,13.0,25.0,1.0,1.0,0.0,5.0,0.0,17.0,13.0,13.0,8.0,1.0,12.0,2.0,1.0,23.0,0.4219310344827586
C7orf13,4.0,0.0,0.0,0.0,1.0,0.0,0.0,1.0,1.0,2.0,4.0,1.0,0.0,0.0,0.0,0.0,4.0,4.0,3.0,0.0,5.0,0.0,0.0,2.0,1.0,0.0,1.0,1.0,5.0,0.0,0.0,0.0,0.212
C7orf69,7.0,5.0,1.0,2.0,0.0,1.0,1.0,3.0,4.0,1.0,0.0,0.0,0.0,0.0,2.0,1.0,0.0,1.0,0.0,0.0,0.0,0.0,0.0,2.0,2.0,0.0,1.0,0.0,0.0,0.0,0.0,0.0,0.28
C9orf64,2.0,2.0,1.0,5.0,3.0,0.0,1.0,6.0,2.0,5.0,8.0,2.0,5.0,1.0,8.0,7.0,11.0,0.0,10.0,1.0,0.0,5.0,0.0,4.0,3.0,4.0,3.0,8.0,4.0,9.0,0.0,8.0,0.3461818181818181
CABLES1,15.0,18.0,4.0,2.0,3.0,10.0,0.0,7.0,6.0,0.0,18.0,5.0,3.0,4.0,15.0,1.0,5.0,2.0,2.0,3.0,1.0,8.0,0.0,19.0,8.0,3.0,5.0,10.0,12.0,0.0,1.0,4.0,0.5993000000000002
CACNA1E,131.0,74.0,163.0,58.0,128.0,95.0,57.0,51.0,105.0,167.0,161.0,22.0,59.0,132.0,113.0,124.0,175.0,165.0,117.0,60.0,65.0,140.0,26.0,125.0,104.0,123.0,119.0,110.0,143.0,70.0,18.0,108.0,0.483537142857143
CATSPER4,4.0,10.0,3.0,1.0,9.0,9.0,5.0,3.0,12.0,4.0,6.0,2.0,33.0,17.0,7.0,7.0,7.0,4.0,11.0,4.0,4.0,8.0,0.0,10.0,8.0,11.0,8.0,41.0,5.0,2.0,4.0,25.0,0.4040666666666667
CCDC17,1.0,1.0,0.0,3.0,5.0,7.0,3.0,3.0,3.0,5.0,6.0,1.0,1.0,2.0,1.0,4.0,2.0,4.0,27.0,10.0,2.0,2.0,2.0,5.0,5.0,6.0,2.0,7.0,8.0,7.0,1.0,2.0,0.3793793103448275
CCDC27,8.0,5.0,31.0,11.0,0.0,13.0,14.0,4.0,18.0,9.0,56.0,9.0,9.0,4.0,16.0,13.0,25.0,10.0,22.0,5.0,0.0,10.0,1.0,27.0,7.0,17.0,21.0,19.0,16.0,0.0,50.0,12.0,0.3345306122448979
CCDC28A,28.0,3.0,13.0,1.0,9.0,2.0,2.0,3.0,4.0,5.0,5.0,4.0,5.0,9.0,6.0,2.0,8.0,8.0,8.0,6.0,0.0,1.0,0.0,4.0,4.0,0.0,1.0,1.0,8.0,4.0,35.0,2.0,0.3817142857142857
CCDC41,17.0,12.0,6.0,70.0,14.0,1.0,0.0,16.0,9.0,4.0,7.0,4.0,1.0,13.0,4.0,9.0,5.0,2.0,0.0,1.0,0.0,0.0,12.0,25.0,12.0,0.0,3.0,5.0,3.0,8.0,22.0,8.0,0.5523500000000001
CCL26,6.0,4.0,4.0,1.0,1.0,1.0,0.0,2.0,1.0,5.0,0.0,0.0,1.0,0.0,0.0,0.0,1.0,2.0,5.0,1.0,0.0,1.0,0.0,10.0,3.0,0.0,3.0,2.0,0.0,0.0,0.0,3.0,0.3186666666666666
CCNJ,4.0,3.0,8.0,3.0,5.0,1.0,0.0,2.0,2.0,4.0,1.0,9.0,7.0,5.0,9.0,3.0,9.0,13.0,1.0,0.0,5.0,1.0,1.0,1.0,2.0,5.0,3.0,14.0,3.0,1.0,3.0,1.0,0.4846666666666666
CD84,8.0,15.0,13.0,22.0,9.0,18.0,2.0,4.0,14.0,8.0,16.0,23.0,7.0,10.0,8.0,12.0,6.0,9.0,9.0,0.0,0.0,0.0,4.0,3.0,17.0,7.0,10.0,21.0,18.0,9.0,6.0,21.0,0.3865641025641025
CD9,4.0,1.0,2.0,3.0,3.0,2.0,0.0,3.0,5.0,1.0,1.0,2.0,2.0,5.0,2.0,0.0,3.0,14.0,21.0,2.0,2.0,4.0,0.0,3.0,20.0,1.0,2.0,2.0,10.0,1.0,0.0,3.0,0.4097777777777778
CDK4,5.0,2.0,3.0,0.0,12.0,4.0,1.0,3.0,5.0,0.0,19.0,5.0,2.0,4.0,1.0,7.0,17.0,2.0,7.0,3.0,2.0,0.0,0.0,4.0,6.0,1.0,5.0,39.0,7.0,22.0,4.0,3.0,0.6845217391304346
CDKL1,14.0,5.0,13.0,3.0,6.0,5.0,5.0,11.0,11.0,16.0,9.0,4.0,19.0,5.0,7.0,4.0,6.0,5.0,16.0,1.0,0.0,1.0,8.0,4.0,10.0,5.0,10.0,2.0,18.0,2.0,3.0,11.0,0.6846666666666668
CDKN2A,2.0,2.0,7.0,5.0,1.0,38.0,67.0,42.0,256.0,101.0,44.0,0.0,32.0,18.0,0.0,137.0,396.0,187.0,275.0,395.0,99.0,796.0,23.0,212.0,14.0,76.0,1010.0,423.0,14.0,0.0,0.0,2416.0,0.5969428571428572
CEACAM1,7.0,4.0,4.0,8.0,5.0,4.0,0.0,6.0,15.0,1.0,6.0,4.0,0.0,4.0,11.0,2.0,19.0,15.0,3.0,2.0,11.0,5.0,1.0,14.0,9.0,7.0,10.0,3.0,9.0,1.0,2.0,5.0,0.334
CEBPZ,44.0,11.0,21.0,25.0,20.0,0.0,4.0,10.0,5.0,3.0,2.0,13.0,7.0,31.0,13.0,8.0,7.0,7.0,5.0,3.0,1.0,4.0,2.0,15.0,10.0,1.0,4.0,7.0,13.0,4.0,8.0,9.0,0.3642222222222222
CECR1,23.0,6.0,2.0,5.0,9.0,6.0,13.0,11.0,11.0,14.0,13.0,6.0,19.0,4.0,10.0,33.0,22.0,22.0,12.0,3.0,0.0,0.0,0.0,6.0,11.0,2.0,15.0,12.0,12.0,8.0,19.0,27.0,0.4949444444444446
CEP41,15.0,1.0,3.0,7.0,11.0,5.0,1.0,4.0,15.0,5.0,2.0,0.0,7.0,8.0,10.0,7.0,20.0,5.0,4.0,0.0,1.0,0.0,4.0,4.0,8.0,1.0,9.0,3.0,3.0,2.0,5.0,1.0,0.437
CHD6,45.0,41.0,34.0,44.0,44.0,24.0,20.0,26.0,61.0,45.0,44.0,8.0,33.0,55.0,40.0,51.0,90.0,54.0,30.0,9.0,25.0,10.0,7.0,82.0,63.0,27.0,27.0,36.0,51.0,21.0,19.0,54.0,0.4544444444444444
CKMT1B,2.0,2.0,4.0,1.0,1.0,1.0,3.0,3.0,4.0,3.0,3.0,1.0,4.0,4.0,2.0,1.0,1.0,12.0,6.0,0.0,0.0,0.0,3.0,3.0,4.0,4.0,8.0,3.0,8.0,1.0,3.0,3.0,0.5950769230769232
CLPS,0.0,0.0,23.0,4.0,1.0,4.0,0.0,0.0,19.0,0.0,1.0,1.0,0.0,5.0,20.0,11.0,11.0,9.0,2.0,10.0,0.0,1.0,1.0,8.0,0.0,1.0,16.0,6.0,4.0,0.0,4.0,0.0,0.4068571428571428
CNFN,0.0,1.0,0.0,0.0,1.0,2.0,4.0,1.0,2.0,0.0,0.0,0.0,4.0,0.0,0.0,1.0,2.0,2.0,0.0,1.0,1.0,6.0,0.0,4.0,0.0,1.0,2.0,3.0,1.0,0.0,0.0,1.0,0.5543333333333332
CNN3,3.0,3.0,4.0,1.0,0.0,2.0,0.0,2.0,6.0,4.0,2.0,8.0,0.0,2.0,13.0,0.0,1.0,3.0,1.0,0.0,4.0,1.0,0.0,0.0,2.0,5.0,2.0,2.0,6.0,3.0,2.0,4.0,0.5006
COL11A1,179.0,50.0,159.0,65.0,72.0,85.0,5.0,33.0,88.0,50.0,138.0,91.0,44.0,41.0,167.0,71.0,135.0,119.0,158.0,11.0,22.0,11.0,59.0,97.0,119.0,90.0,61.0,88.0,146.0,27.0,72.0,72.0,0.4289999999999999
CORO1B,2.0,1.0,0.0,0.0,5.0,13.0,1.0,2.0,4.0,20.0,6.0,0.0,0.0,1.0,3.0,8.0,21.0,5.0,4.0,6.0,2.0,2.0,0.0,4.0,9.0,8.0,12.0,9.0,9.0,15.0,0.0,1.0,0.374235294117647
COX19,10.0,3.0,0.0,1.0,1.0,0.0,0.0,4.0,1.0,0.0,0.0,0.0,0.0,1.0,1.0,2.0,6.0,0.0,1.0,6.0,1.0,9.0,1.0,5.0,0.0,3.0,2.0,12.0,1.0,0.0,8.0,1.0,0.3821818181818182
COX7B,10.0,5.0,0.0,3.0,1.0,5.0,0.0,0.0,3.0,2.0,1.0,2.0,1.0,0.0,7.0,2.0,0.0,1.0,0.0,0.0,3.0,0.0,1.0,2.0,9.0,1.0,2.0,2.0,1.0,0.0,4.0,0.0,0.4353333333333333
CTD-2116N17.1,0.0,0.0,0.0,0.0,0.0,1.0,0.0,0.0,1.0,0.0,0.0,1.0,0.0,0.0,0.0,0.0,2.0,0.0,0.0,0.0,0.0,0.0,0.0,1.0,0.0,0.0,0.0,0.0,0.0,1.0,0.0,0.0,
CTPS2,9.0,2.0,6.0,3.0,5.0,5.0,12.0,0.0,9.0,5.0,5.0,2.0,8.0,16.0,7.0,4.0,4.0,3.0,4.0,9.0,2.0,0.0,9.0,3.0,6.0,7.0,15.0,2.0,4.0,0.0,8.0,9.0,0.5266666666666666
CYLC2,99.0,9.0,74.0,47.0,31.0,9.0,5.0,6.0,81.0,2.0,30.0,36.0,17.0,10.0,17.0,4.0,6.0,6.0,11.0,9.0,3.0,0.0,9.0,4.0,12.0,16.0,34.0,6.0,14.0,17.0,30.0,34.0,0.4644675324675326
DCAF7,1.0,1.0,3.0,0.0,24.0,2.0,1.0,5.0,8.0,4.0,5.0,3.0,6.0,8.0,7.0,21.0,8.0,13.0,2.0,3.0,4.0,2.0,4.0,9.0,4.0,7.0,7.0,3.0,11.0,2.0,2.0,3.0,0.5324
DCHS2,88.0,50.0,99.0,80.0,85.0,49.0,29.0,82.0,76.0,44.0,58.0,73.0,92.0,95.0,69.0,96.0,158.0,95.0,37.0,31.0,16.0,25.0,29.0,110.0,96.0,51.0,46.0,35.0,86.0,37.0,50.0,93.0,0.3738758620689655
DDO,7.0,3.0,11.0,5.0,3.0,2.0,2.0,2.0,20.0,8.0,9.0,3.0,9.0,20.0,4.0,8.0,10.0,1.0,7.0,1.0,0.0,0.0,0.0,13.0,14.0,2.0,16.0,4.0,29.0,1.0,8.0,28.0,0.37264
DEFB131,1.0,0.0,1.0,7.0,1.0,0.0,0.0,1.0,1.0,0.0,2.0,1.0,1.0,11.0,1.0,0.0,0.0,1.0,0.0,0.0,0.0,0.0,0.0,0.0,3.0,1.0,1.0,0.0,0.0,0.0,0.0,1.0,0.3676666666666666
DERL3,0.0,1.0,2.0,0.0,1.0,1.0,0.0,6.0,2.0,6.0,9.0,0.0,1.0,7.0,2.0,3.0,3.0,2.0,5.0,3.0,1.0,1.0,0.0,3.0,2.0,3.0,1.0,7.0,0.0,1.0,0.0,2.0,0.4137777777777778
DHH,2.0,0.0,8.0,0.0,0.0,5.0,1.0,4.0,0.0,1.0,6.0,1.0,6.0,2.0,0.0,4.0,6.0,7.0,3.0,3.0,5.0,7.0,0.0,5.0,4.0,9.0,2.0,20.0,1.0,0.0,0.0,11.0,0.4265333333333333
DMRT1,7.0,3.0,1.0,1.0,0.0,2.0,0.0,6.0,13.0,2.0,4.0,2.0,3.0,5.0,1.0,6.0,8.0,6.0,6.0,4.0,2.0,8.0,0.0,10.0,8.0,0.0,15.0,16.0,16.0,2.0,0.0,9.0,0.440470588235294
DMWD,0.0,2.0,6.0,1.0,4.0,4.0,0.0,9.0,8.0,9.0,7.0,5.0,1.0,1.0,5.0,6.0,12.0,14.0,13.0,5.0,3.0,6.0,0.0,18.0,0.0,10.0,7.0,18.0,5.0,3.0,2.0,8.0,0.4193125
DOK1,1.0,2.0,3.0,0.0,12.0,0.0,2.0,11.0,3.0,9.0,4.0,0.0,1.0,5.0,8.0,2.0,5.0,3.0,9.0,5.0,8.0,13.0,3.0,9.0,2.0,6.0,8.0,4.0,6.0,1.0,2.0,2.0,0.3952799999999999
DST,300.0,100.0,152.0,93.0,144.0,55.0,10.0,126.0,149.0,114.0,80.0,105.0,189.0,124.0,138.0,107.0,170.0,114.0,46.0,21.0,33.0,14.0,73.0,111.0,222.0,68.0,89.0,50.0,105.0,66.0,146.0,206.0,0.5464565916398708
DXO,0.0,4.0,2.0,0.0,1.0,8.0,1.0,0.0,5.0,3.0,4.0,1.0,2.0,2.0,0.0,1.0,7.0,5.0,6.0,0.0,2.0,1.0,1.0,4.0,0.0,13.0,0.0,14.0,3.0,4.0,1.0,2.0,0.4623333333333334
DYNAP,3.0,3.0,2.0,2.0,5.0,1.0,0.0,12.0,5.0,16.0,4.0,4.0,8.0,3.0,8.0,1.0,11.0,9.0,1.0,1.0,0.0,0.0,2.0,3.0,4.0,1.0,4.0,1.0,8.0,0.0,7.0,3.0,0.3298999999999999
DYRK4,48.0,10.0,11.0,27.0,11.0,14.0,1.0,0.0,19.0,20.0,33.0,7.0,7.0,16.0,4.0,12.0,20.0,4.0,17.0,0.0,0.0,5.0,6.0,4.0,17.0,8.0,29.0,14.0,26.0,2.0,4.0,15.0,0.640245614035088
EBF2,56.0,7.0,15.0,5.0,78.0,10.0,1.0,22.0,21.0,24.0,19.0,5.0,29.0,7.0,22.0,20.0,11.0,36.0,28.0,3.0,6.0,8.0,20.0,19.0,49.0,14.0,13.0,9.0,50.0,9.0,2.0,13.0,0.7545806451612901
EGFR,95.0,12.0,38.0,116.0,19.0,309.0,16.0,31.0,13.0,62.0,1078.0,20.0,26.0,56.0,36.0,48.0,114.0,633.0,31.0,30.0,29.0,10.0,3.0,16.0,70.0,31.0,141.0,77.0,98.0,25.0,7.0,604.0,0.6725503355704696
EHBP1L1,4.0,4.0,12.0,5.0,8.0,12.0,0.0,6.0,41.0,11.0,13.0,2.0,19.0,11.0,4.0,3.0,9.0,19.0,22.0,4.0,1.0,2.0,1.0,20.0,15.0,18.0,8.0,8.0,21.0,0.0,3.0,10.0,0.4146071428571428
ELANE,0.0,0.0,0.0,0.0,1.0,6.0,0.0,0.0,3.0,0.0,4.0,0.0,2.0,0.0,1.0,4.0,5.0,4.0,18.0,9.0,1.0,5.0,0.0,9.0,0.0,8.0,10.0,8.0,1.0,1.0,1.0,0.0,0.4671764705882353
EMP1,1.0,1.0,1.0,1.0,0.0,1.0,1.0,1.0,1.0,2.0,2.0,8.0,1.0,4.0,1.0,0.0,3.0,1.0,2.0,0.0,4.0,1.0,5.0,1.0,8.0,0.0,0.0,1.0,0.0,0.0,1.0,2.0,0.4103333333333334
ENOX1,29.0,11.0,25.0,5.0,14.0,18.0,14.0,22.0,8.0,31.0,20.0,10.0,23.0,12.0,16.0,9.0,24.0,13.0,9.0,1.0,5.0,30.0,7.0,7.0,14.0,7.0,8.0,37.0,10.0,12.0,14.0,18.0,0.472608695652174
ENTPD2,0.0,0.0,4.0,0.0,1.0,1.0,5.0,6.0,3.0,8.0,6.0,0.0,1.0,4.0,0.0,4.0,24.0,11.0,4.0,1.0,2.0,2.0,1.0,3.0,0.0,4.0,0.0,7.0,1.0,0.0,0.0,4.0,0.3012
ENY2,19.0,3.0,11.0,0.0,1.0,0.0,3.0,4.0,5.0,2.0,2.0,0.0,0.0,0.0,1.0,0.0,1.0,1.0,0.0,1.0,1.0,0.0,3.0,3.0,1.0,1.0,4.0,1.0,1.0,2.0,13.0,1.0,0.4806666666666667
EPB41L2,22.0,5.0,20.0,14.0,14.0,7.0,0.0,21.0,18.0,21.0,10.0,6.0,13.0,9.0,14.0,14.0,18.0,26.0,3.0,6.0,0.0,7.0,13.0,38.0,11.0,7.0,37.0,14.0,11.0,12.0,23.0,47.0,0.6556923076923077
ERBB2,12.0,2.0,10.0,6.0,13.0,18.0,15.0,6.0,33.0,268.0,110.0,3.0,5.0,11.0,9.0,286.0,15.0,39.0,289.0,18.0,8.0,5.0,2.0,12.0,11.0,17.0,2436.0,238.0,19.0,90.0,1.0,25.0,0.6834545454545456
ERC2,119.0,13.0,93.0,15.0,23.0,15.0,7.0,32.0,72.0,46.0,35.0,6.0,31.0,17.0,19.0,7.0,35.0,72.0,24.0,8.0,8.0,16.0,18.0,69.0,61.0,51.0,21.0,28.0,35.0,16.0,10.0,58.0,0.6737113402061855
ERCC2,16.0,2.0,10.0,1.0,16.0,13.0,1.0,13.0,23.0,11.0,14.0,1.0,7.0,22.0,11.0,18.0,21.0,108.0,34.0,11.0,10.0,5.0,3.0,10.0,4.0,15.0,7.0,22.0,14.0,6.0,1.0,14.0,0.5497446808510639
ESR1,13.0,7.0,7.0,12.0,9.0,19.0,1.0,19.0,20.0,8.0,14.0,9.0,10.0,13.0,3.0,55.0,10.0,32.0,18.0,4.0,3.0,2.0,9.0,14.0,10.0,25.0,19.0,11.0,31.0,19.0,6.0,5.0,0.6261199999999999
ETF1,33.0,2.0,7.0,17.0,9.0,5.0,3.0,3.0,12.0,5.0,9.0,2.0,2.0,4.0,19.0,0.0,8.0,4.0,3.0,2.0,0.0,0.0,2.0,5.0,5.0,5.0,3.0,0.0,10.0,8.0,4.0,4.0,0.4780909090909091
ETV2,1.0,0.0,0.0,0.0,2.0,2.0,0.0,0.0,0.0,4.0,3.0,0.0,1.0,2.0,1.0,1.0,10.0,1.0,4.0,2.0,2.0,1.0,0.0,0.0,2.0,1.0,1.0,4.0,5.0,1.0,0.0,0.0,0.4003076923076923
EWSR1,8.0,9.0,5.0,1.0,4.0,41.0,2.0,3.0,2.0,3.0,13.0,0.0,4.0,5.0,13.0,16.0,32.0,22.0,28.0,0.0,2.0,3.0,3.0,7.0,10.0,2.0,22.0,22.0,27.0,8.0,4.0,3.0,0.4910810810810811
FAM170A,16.0,3.0,4.0,7.0,16.0,4.0,3.0,6.0,22.0,9.0,12.0,1.0,26.0,7.0,3.0,38.0,6.0,4.0,2.0,0.0,0.0,2.0,6.0,25.0,13.0,35.0,2.0,5.0,11.0,11.0,1.0,13.0,0.4029999999999999
FAM20A,11.0,8.0,32.0,1.0,4.0,13.0,0.0,4.0,8.0,6.0,12.0,2.0,3.0,4.0,1.0,3.0,6.0,2.0,5.0,2.0,20.0,1.0,2.0,8.0,7.0,19.0,5.0,3.0,3.0,3.0,2.0,1.0,0.4106206896551725
FAM47A,36.0,25.0,87.0,42.0,50.0,32.0,111.0,62.0,69.0,47.0,52.0,23.0,66.0,33.0,56.0,83.0,63.0,119.0,24.0,35.0,62.0,32.0,26.0,126.0,62.0,138.0,33.0,78.0,38.0,12.0,31.0,56.0,0.2628341708542714
FAM73B,4.0,3.0,12.0,1.0,4.0,4.0,4.0,4.0,4.0,5.0,7.0,0.0,10.0,2.0,5.0,2.0,11.0,17.0,13.0,4.0,3.0,3.0,1.0,4.0,4.0,5.0,4.0,17.0,10.0,2.0,0.0,4.0,0.42432
FAM83F,1.0,5.0,6.0,0.0,0.0,1.0,4.0,0.0,11.0,6.0,12.0,0.0,1.0,1.0,13.0,2.0,19.0,25.0,13.0,11.0,3.0,10.0,0.0,15.0,7.0,7.0,11.0,23.0,10.0,0.0,1.0,9.0,0.379
FAN1,37.0,6.0,14.0,6.0,10.0,5.0,0.0,14.0,24.0,8.0,11.0,9.0,7.0,2.0,4.0,8.0,13.0,9.0,16.0,3.0,5.0,1.0,2.0,6.0,21.0,30.0,8.0,12.0,9.0,2.0,11.0,62.0,0.4171489361702127
FBXO40,28.0,4.0,12.0,13.0,24.0,15.0,9.0,21.0,19.0,17.0,21.0,3.0,14.0,38.0,8.0,42.0,28.0,7.0,24.0,5.0,3.0,2.0,3.0,12.0,28.0,22.0,27.0,14.0,38.0,8.0,10.0,17.0,0.3858688524590165
FGFR1,10.0,7.0,11.0,7.0,6.0,27.0,1.0,4.0,13.0,14.0,21.0,11.0,59.0,8.0,14.0,22.0,31.0,23.0,8.0,12.0,2.0,8.0,3.0,8.0,5.0,20.0,26.0,11.0,15.0,21.0,9.0,24.0,0.7258695652173913
FGFR2,103.0,7.0,3.0,24.0,27.0,29.0,3.0,16.0,36.0,7.0,43.0,294.0,29.0,12.0,19.0,30.0,20.0,27.0,11.0,5.0,29.0,761.0,10.0,48.0,34.0,16.0,22.0,11.0,22.0,12.0,34.0,57.0,0.665951219512195
FGFR3,1.0,6.0,10.0,2.0,13.0,43.0,16.0,35.0,4.0,18.0,18.0,0.0,2.0,10.0,10.0,58.0,132.0,9.0,17.0,9.0,2.0,1946.0,3.0,12.0,7.0,15.0,29.0,22.0,42.0,20.0,3.0,5.0,0.6389803921568625
FILIP1,60.0,34.0,51.0,27.0,11.0,11.0,0.0,9.0,81.0,53.0,9.0,26.0,145.0,34.0,26.0,47.0,43.0,31.0,20.0,4.0,1.0,13.0,4.0,31.0,99.0,25.0,13.0,18.0,28.0,19.0,41.0,34.0,0.4438852459016394
FLJ45079,0.0,0.0,1.0,2.0,2.0,1.0,0.0,0.0,0.0,0.0,0.0,1.0,0.0,2.0,0.0,5.0,0.0,4.0,2.0,0.0,0.0,0.0,0.0,0.0,1.0,0.0,4.0,4.0,0.0,1.0,0.0,3.0,0.288
FLT3,25.0,11.0,22.0,18.0,37.0,9.0,3.0,14.0,25.0,14.0,68.0,15.0,11.0,14.0,21.0,10.0,72.0,25.0,9.0,7.0,3.0,0.0,9.0,52.0,37.0,26.0,26.0,11.0,16.0,8.0,9.0,35.0,0.6725046728971961
FNDC8,0.0,4.0,5.0,2.0,6.0,5.0,0.0,2.0,1.0,2.0,4.0,1.0,3.0,2.0,11.0,2.0,2.0,2.0,5.0,15.0,1.0,0.0,0.0,9.0,2.0,10.0,4.0,16.0,3.0,2.0,1.0,2.0,0.4371764705882353
FOXF2,2.0,0.0,7.0,1.0,8.0,2.0,0.0,1.0,10.0,13.0,3.0,3.0,0.0,12.0,4.0,7.0,4.0,3.0,5.0,9.0,1.0,4.0,5.0,11.0,6.0,4.0,5.0,4.0,5.0,3.0,2.0,2.0,0.5042222222222222
FOXRED1,2.0,11.0,3.0,10.0,11.0,8.0,1.0,8.0,3.0,10.0,9.0,1.0,0.0,0.0,2.0,13.0,11.0,23.0,15.0,4.0,11.0,2.0,0.0,1.0,7.0,6.0,3.0,1.0,14.0,3.0,0.0,3.0,0.5120000000000001
FRRS1L,0.0,2.0,2.0,1.0,0.0,4.0,0.0,2.0,3.0,2.0,8.0,2.0,1.0,1.0,1.0,2.0,1.0,8.0,8.0,0.0,0.0,3.0,6.0,7.0,7.0,5.0,3.0,7.0,12.0,3.0,2.0,21.0,0.5038461538461538
GAA,0.0,4.0,12.0,0.0,7.0,27.0,5.0,4.0,1.0,9.0,23.0,0.0,6.0,8.0,4.0,21.0,35.0,24.0,37.0,10.0,5.0,3.0,2.0,9.0,10.0,10.0,10.0,33.0,6.0,3.0,1.0,9.0,0.4372307692307693
GATSL2,0.0,0.0,1.0,0.0,0.0,0.0,0.0,1.0,0.0,0.0,1.0,0.0,1.0,0.0,9.0,0.0,0.0,0.0,0.0,0.0,0.0,0.0,0.0,0.0,0.0,0.0,0.0,0.0,0.0,0.0,0.0,0.0,0.392
GCA,7.0,1.0,9.0,9.0,12.0,4.0,0.0,4.0,2.0,2.0,3.0,3.0,3.0,0.0,12.0,10.0,0.0,1.0,5.0,0.0,3.0,5.0,1.0,6.0,4.0,3.0,1.0,3.0,5.0,7.0,1.0,10.0,0.4264444444444445
GHSR,8.0,8.0,10.0,1.0,8.0,15.0,2.0,3.0,25.0,19.0,2.0,0.0,20.0,0.0,0.0,25.0,16.0,11.0,7.0,4.0,26.0,16.0,1.0,21.0,29.0,8.0,9.0,11.0,13.0,3.0,0.0,20.0,0.4262285714285713
GLI2,19.0,23.0,24.0,5.0,39.0,65.0,26.0,14.0,17.0,35.0,114.0,1.0,7.0,8.0,12.0,48.0,71.0,38.0,146.0,26.0,9.0,14.0,15.0,35.0,59.0,16.0,129.0,99.0,54.0,14.0,1.0,20.0,0.4116142857142859
GPBP1L1,6.0,2.0,22.0,0.0,3.0,7.0,0.0,6.0,5.0,5.0,11.0,3.0,4.0,11.0,8.0,4.0,20.0,2.0,14.0,0.0,1.0,0.0,0.0,9.0,10.0,2.0,16.0,5.0,12.0,5.0,5.0,8.0,0.4374074074074073
GPR149,31.0,12.0,11.0,19.0,25.0,32.0,21.0,18.0,38.0,22.0,32.0,31.0,12.0,8.0,9.0,38.0,35.0,42.0,16.0,9.0,1.0,17.0,16.0,15.0,37.0,4.0,12.0,13.0,42.0,3.0,8.0,22.0,0.3757204301075268
GPR84,2.0,6.0,7.0,6.0,9.0,3.0,8.0,7.0,1.0,25.0,1.0,1.0,2.0,4.0,11.0,2.0,16.0,9.0,12.0,1.0,1.0,0.0,3.0,11.0,7.0,3.0,11.0,5.0,5.0,29.0,1.0,5.0,0.3952000000000001
GPSM1,1.0,0.0,12.0,0.0,1.0,11.0,2.0,0.0,3.0,4.0,15.0,0.0,5.0,0.0,4.0,4.0,15.0,17.0,24.0,11.0,7.0,8.0,1.0,9.0,3.0,6.0,6.0,17.0,4.0,4.0,0.0,10.0,0.4863428571428571
GRID2,75.0,29.0,76.0,75.0,53.0,42.0,23.0,24.0,24.0,47.0,95.0,88.0,38.0,80.0,46.0,78.0,62.0,72.0,33.0,1.0,2.0,3.0,16.0,22.0,66.0,53.0,63.0,17.0,96.0,27.0,52.0,66.0,0.4878131868131869
GRIK1-AS2,1.0,0.0,0.0,2.0,3.0,0.0,1.0,2.0,2.0,0.0,0.0,0.0,1.0,0.0,1.0,1.0,8.0,1.0,2.0,0.0,0.0,0.0,0.0,1.0,2.0,3.0,1.0,0.0,4.0,1.0,0.0,6.0,0.166
GTDC1,28.0,3.0,11.0,13.0,24.0,5.0,0.0,4.0,19.0,5.0,2.0,4.0,11.0,11.0,6.0,17.0,7.0,8.0,4.0,1.0,0.0,1.0,5.0,11.0,16.0,13.0,17.0,5.0,9.0,1.0,11.0,12.0,0.4101509433962265
GYPC,1.0,2.0,0.0,4.0,2.0,2.0,2.0,10.0,2.0,9.0,0.0,0.0,4.0,13.0,4.0,8.0,5.0,1.0,1.0,0.0,0.0,0.0,16.0,1.0,2.0,0.0,12.0,3.0,8.0,4.0,0.0,4.0,0.4225
HBA1,0.0,0.0,0.0,0.0,1.0,2.0,0.0,0.0,3.0,1.0,2.0,0.0,0.0,0.0,0.0,0.0,2.0,1.0,0.0,1.0,0.0,0.0,0.0,1.0,0.0,2.0,1.0,7.0,0.0,0.0,1.0,0.0,0.62
HIRIP3,3.0,2.0,6.0,0.0,9.0,1.0,2.0,7.0,13.0,12.0,8.0,1.0,0.0,0.0,0.0,1.0,9.0,11.0,6.0,2.0,2.0,4.0,4.0,9.0,6.0,2.0,3.0,10.0,11.0,2.0,1.0,1.0,0.3148461538461538
HIST1H2AD,0.0,0.0,4.0,0.0,5.0,0.0,2.0,7.0,35.0,2.0,2.0,0.0,2.0,1.0,1.0,0.0,1.0,1.0,8.0,3.0,0.0,4.0,2.0,4.0,1.0,5.0,0.0,4.0,7.0,1.0,0.0,1.0,0.418
HIST1H2AJ,1.0,1.0,6.0,0.0,0.0,0.0,9.0,0.0,7.0,4.0,19.0,0.0,0.0,4.0,0.0,3.0,4.0,4.0,0.0,3.0,0.0,8.0,0.0,7.0,7.0,1.0,1.0,3.0,9.0,0.0,0.0,0.0,0.5286666666666666
HLA-G,1.0,5.0,2.0,0.0,9.0,11.0,7.0,0.0,7.0,10.0,26.0,1.0,2.0,0.0,4.0,0.0,5.0,8.0,29.0,2.0,9.0,15.0,0.0,16.0,3.0,4.0,19.0,18.0,12.0,8.0,0.0,4.0,0.4464705882352941
HMGCR,9.0,3.0,10.0,7.0,9.0,10.0,1.0,9.0,10.0,5.0,5.0,7.0,6.0,13.0,23.0,6.0,4.0,12.0,12.0,1.0,1.0,0.0,2.0,2.0,14.0,18.0,10.0,3.0,5.0,4.0,6.0,11.0,0.4569375
HMMR,19.0,8.0,48.0,25.0,6.0,1.0,0.0,3.0,22.0,13.0,8.0,9.0,17.0,2.0,22.0,1.0,5.0,15.0,3.0,0.0,3.0,0.0,13.0,27.0,26.0,5.0,5.0,2.0,21.0,3.0,11.0,15.0,0.3420645161290321
HPCA,2.0,0.0,1.0,0.0,2.0,1.0,0.0,0.0,7.0,2.0,5.0,1.0,0.0,2.0,13.0,1.0,16.0,2.0,0.0,13.0,6.0,1.0,0.0,20.0,5.0,2.0,10.0,3.0,0.0,1.0,0.0,4.0,0.5175555555555555
HRAS,0.0,42.0,1.0,4.0,1.0,2.0,1.0,1.0,0.0,5.0,3.0,7.0,0.0,0.0,1.0,6.0,2.0,1.0,8.0,3726.0,0.0,647.0,2.0,1.0,7.0,5.0,2.0,61.0,1.0,0.0,0.0,1.0,0.6674193548387097
HTR1F,47.0,14.0,19.0,30.0,29.0,22.0,0.0,2.0,19.0,6.0,7.0,17.0,10.0,15.0,10.0,13.0,23.0,5.0,3.0,1.0,1.0,0.0,15.0,16.0,20.0,23.0,11.0,2.0,24.0,17.0,54.0,10.0,0.33016
ICT1,4.0,1.0,2.0,9.0,1.0,1.0,0.0,2.0,2.0,1.0,5.0,1.0,7.0,2.0,2.0,2.0,6.0,4.0,7.0,1.0,0.0,0.0,0.0,0.0,3.0,4.0,10.0,8.0,1.0,2.0,1.0,0.0,0.400125
IDH1,35.0,3.0,7.0,3.0,1.0,5.0,1.0,7.0,6.0,11.0,193118.0,1.0,7.0,2.0,6.0,1.0,0.0,15.0,3.0,0.0,0.0,0.0,41141.0,6.0,6.0,2.0,3.0,1.0,8.0,1.0,1.0,4.0,0.5514594594594595
IDH2,1.0,1.0,4.0,2.0,1.0,9.0,1.0,6.0,9.0,2.0,6.0,56.0,2.0,3.0,96.0,14.0,1.0,498.0,3.0,2.0,0.0,4.0,8.0,2.0,5.0,16.0,5.0,72.0,1.0,0.0,0.0,4.0,0.6485333333333333
IFFO1,0.0,5.0,7.0,0.0,2.0,7.0,0.0,4.0,12.0,16.0,5.0,0.0,11.0,8.0,3.0,1.0,5.0,11.0,5.0,10.0,3.0,8.0,0.0,14.0,4.0,5.0,8.0,9.0,15.0,0.0,1.0,7.0,0.4318888888888888
IFNL1,3.0,0.0,8.0,0.0,1.0,4.0,1.0,0.0,0.0,11.0,1.0,2.0,0.0,1.0,11.0,7.0,4.0,6.0,7.0,0.0,0.0,2.0,8.0,3.0,1.0,8.0,1.0,6.0,3.0,0.0,7.0,7.0,0.3394
IGHD1-20,0.0,0.0,0.0,0.0,0.0,0.0,0.0,0.0,0.0,0.0,0.0,0.0,0.0,0.0,0.0,0.0,0.0,1.0,0.0,0.0,0.0,0.0,0.0,0.0,0.0,0.0,0.0,0.0,0.0,0.0,0.0,0.0,0.398
IGHJ5,0.0,4.0,0.0,0.0,0.0,4.0,8.0,0.0,0.0,0.0,12.0,0.0,0.0,0.0,0.0,0.0,1.0,4.0,6.0,0.0,0.0,0.0,0.0,0.0,0.0,12.0,0.0,1.0,0.0,0.0,0.0,1.0,0.4843333333333333
IGHV3-30,1.0,5.0,1.0,0.0,19.0,5.0,0.0,11.0,2.0,1.0,1.0,0.0,0.0,12.0,3.0,7.0,6.0,7.0,10.0,0.0,0.0,0.0,0.0,11.0,12.0,12.0,7.0,3.0,10.0,3.0,0.0,3.0,0.4458461538461539
IGHV3-33,0.0,0.0,3.0,1.0,2.0,13.0,3.0,3.0,4.0,0.0,2.0,3.0,0.0,3.0,0.0,1.0,2.0,4.0,2.0,1.0,0.0,0.0,4.0,1.0,10.0,0.0,1.0,12.0,8.0,0.0,0.0,1.0,0.37975
IGKV1D-43,3.0,6.0,2.0,3.0,22.0,0.0,0.0,10.0,9.0,7.0,5.0,0.0,9.0,13.0,4.0,24.0,27.0,9.0,12.0,3.0,0.0,0.0,12.0,8.0,2.0,11.0,22.0,16.0,1.0,0.0,18.0,21.0,0.3353684210526315
IGKV6D-21,4.0,4.0,1.0,1.0,1.0,30.0,0.0,7.0,1.0,3.0,8.0,0.0,7.0,4.0,0.0,0.0,7.0,2.0,2.0,0.0,0.0,0.0,3.0,3.0,15.0,0.0,4.0,1.0,1.0,2.0,0.0,4.0,0.2758947368421052
IGLV2-18,0.0,1.0,2.0,0.0,0.0,3.0,1.0,1.0,2.0,1.0,8.0,3.0,1.0,2.0,0.0,0.0,5.0,5.0,6.0,1.0,1.0,1.0,0.0,0.0,0.0,0.0,7.0,0.0,0.0,0.0,2.0,1.0,0.3686249999999999
IGLV3-27,2.0,0.0,0.0,0.0,13.0,14.0,0.0,1.0,14.0,9.0,3.0,1.0,0.0,0.0,0.0,9.0,11.0,35.0,0.0,10.0,0.0,6.0,0.0,2.0,15.0,5.0,7.0,5.0,1.0,0.0,2.0,4.0,0.2806
IGSF5,24.0,30.0,18.0,8.0,16.0,8.0,4.0,10.0,5.0,9.0,9.0,5.0,6.0,5.0,3.0,8.0,4.0,5.0,6.0,1.0,4.0,32.0,3.0,8.0,18.0,4.0,5.0,11.0,15.0,8.0,1.0,17.0,0.3606153846153846
IL1A,4.0,1.0,1.0,3.0,3.0,0.0,0.0,7.0,6.0,1.0,0.0,1.0,7.0,5.0,0.0,0.0,5.0,5.0,0.0,0.0,0.0,0.0,1.0,5.0,2.0,5.0,2.0,2.0,6.0,0.0,13.0,2.0,0.296
INPP5E,2.0,1.0,1.0,0.0,6.0,3.0,2.0,0.0,5.0,6.0,9.0,6.0,2.0,0.0,1.0,16.0,7.0,4.0,4.0,5.0,3.0,3.0,0.0,4.0,0.0,8.0,2.0,14.0,3.0,0.0,1.0,2.0,0.35425
INSM2,7.0,5.0,13.0,4.0,2.0,0.0,8.0,7.0,3.0,12.0,4.0,2.0,2.0,5.0,6.0,4.0,7.0,4.0,1.0,6.0,1.0,19.0,1.0,4.0,8.0,11.0,5.0,11.0,17.0,4.0,3.0,2.0,0.3729333333333333
ITGB5,4.0,4.0,13.0,5.0,27.0,18.0,1.0,9.0,9.0,3.0,18.0,3.0,10.0,13.0,3.0,14.0,13.0,19.0,6.0,1.0,3.0,7.0,3.0,17.0,8.0,15.0,17.0,15.0,11.0,5.0,11.0,4.0,0.4665263157894736
JAK2,32.0,17.0,45.0,15.0,13.0,9.0,1.0,22.0,9.0,5.0,18.0,23.0,9.0,42.0,12.0,13.0,11.0,23.0,1.0,0.0,8.0,1.0,5.0,13.0,13.0,7.0,11.0,3.0,6.0,30.0,21.0,19.0,0.7287777777777777
KCNA10,68.0,5.0,5.0,13.0,7.0,13.0,0.0,26.0,17.0,12.0,18.0,4.0,9.0,16.0,10.0,6.0,14.0,60.0,4.0,4.0,6.0,2.0,1.0,25.0,19.0,11.0,14.0,10.0,27.0,6.0,7.0,21.0,0.4433750000000001
KCND1,6.0,26.0,3.0,5.0,11.0,8.0,3.0,4.0,9.0,6.0,18.0,0.0,7.0,6.0,5.0,6.0,15.0,14.0,25.0,6.0,1.0,29.0,7.0,4.0,10.0,31.0,40.0,28.0,7.0,3.0,2.0,13.0,0.4703333333333333
KCNG3,3.0,2.0,2.0,0.0,11.0,0.0,1.0,4.0,0.0,7.0,2.0,4.0,1.0,5.0,16.0,5.0,3.0,1.0,0.0,2.0,4.0,3.0,0.0,3.0,3.0,6.0,15.0,5.0,0.0,3.0,2.0,2.0,0.4114666666666667
KCNJ12,24.0,6.0,152.0,0.0,39.0,39.0,24.0,2.0,16.0,50.0,32.0,1.0,33.0,23.0,54.0,87.0,37.0,62.0,72.0,14.0,30.0,71.0,3.0,38.0,44.0,82.0,123.0,82.0,38.0,64.0,1.0,31.0,0.4461489361702127
KDM4E,11.0,2.0,2.0,5.0,18.0,3.0,0.0,4.0,1.0,2.0,2.0,0.0,2.0,1.0,8.0,9.0,10.0,1.0,5.0,1.0,1.0,1.0,3.0,4.0,1.0,12.0,3.0,2.0,6.0,7.0,2.0,14.0,0.3676999999999999
KDM6A,36.0,19.0,20.0,54.0,27.0,9.0,2.0,45.0,32.0,23.0,117.0,39.0,22.0,38.0,25.0,13.0,33.0,33.0,18.0,3.0,10.0,2.0,22.0,14.0,7.0,17.0,27.0,35.0,12.0,26.0,15.0,19.0,0.7181555555555554
KIAA0430,31.0,14.0,9.0,14.0,42.0,11.0,12.0,15.0,54.0,13.0,6.0,31.0,6.0,21.0,10.0,22.0,12.0,15.0,15.0,37.0,9.0,15.0,9.0,20.0,23.0,30.0,33.0,11.0,23.0,8.0,19.0,24.0,0.6285714285714286
KIF16B,121.0,30.0,52.0,16.0,38.0,19.0,16.0,14.0,63.0,22.0,24.0,24.0,32.0,34.0,10.0,41.0,28.0,42.0,18.0,12.0,4.0,16.0,21.0,38.0,49.0,12.0,25.0,8.0,21.0,13.0,17.0,35.0,0.4311932773109243
KIF4A,26.0,7.0,27.0,16.0,38.0,22.0,2.0,27.0,21.0,19.0,9.0,10.0,18.0,14.0,23.0,9.0,23.0,20.0,13.0,1.0,3.0,28.0,7.0,36.0,18.0,9.0,39.0,4.0,22.0,36.0,10.0,20.0,0.4471860465116279
KIT,29.0,13.0,27.0,16.0,54.0,7.0,14.0,21.0,27.0,19.0,13.0,50.0,148.0,30.0,46.0,34.0,17.0,28.0,14.0,2.0,25.0,1.0,13.0,23.0,41.0,53.0,52.0,18.0,21.0,6.0,15.0,143.0,0.643403846153846
KLC3,0.0,1.0,2.0,0.0,0.0,5.0,0.0,0.0,3.0,7.0,13.0,1.0,14.0,4.0,2.0,4.0,4.0,8.0,7.0,3.0,1.0,5.0,1.0,8.0,7.0,1.0,17.0,6.0,2.0,0.0,0.0,1.0,0.5840799999999999
KRAS,12.0,4.0,19.0,56.0,35.0,1178.0,0.0,1.0,1.0,261889.0,974.0,3.0,85.0,602.0,12.0,42.0,1735.0,7415.0,0.0,0.0,5.0,0.0,3.0,106658.0,4.0,51.0,138.0,50.0,4.0,1.0,8.0,3.0,0.6906341463414634
KRT78,1.0,3.0,6.0,0.0,6.0,12.0,10.0,7.0,23.0,18.0,7.0,0.0,4.0,3.0,5.0,5.0,30.0,8.0,12.0,3.0,6.0,7.0,0.0,24.0,13.0,12.0,12.0,17.0,17.0,0.0,13.0,9.0,0.4488679245283021
KRTAP5-4,2.0,2.0,8.0,1.0,11.0,2.0,0.0,2.0,1.0,12.0,4.0,0.0,0.0,3.0,20.0,5.0,12.0,28.0,36.0,0.0,1.0,0.0,1.0,6.0,9.0,3.0,15.0,13.0,8.0,1.0,0.0,2.0,0.420076923076923
LCLAT1,14.0,6.0,10.0,3.0,6.0,3.0,0.0,7.0,18.0,0.0,8.0,8.0,3.0,9.0,10.0,1.0,1.0,10.0,2.0,0.0,1.0,0.0,7.0,3.0,9.0,17.0,3.0,5.0,6.0,10.0,5.0,4.0,0.4243333333333333
LGALS14,7.0,5.0,2.0,14.0,3.0,1.0,7.0,0.0,14.0,4.0,3.0,6.0,8.0,2.0,7.0,5.0,9.0,1.0,1.0,1.0,3.0,6.0,3.0,2.0,19.0,1.0,18.0,3.0,7.0,4.0,1.0,1.0,0.347
LGI4,1.0,1.0,3.0,4.0,7.0,9.0,0.0,9.0,7.0,8.0,9.0,1.0,1.0,6.0,1.0,6.0,17.0,7.0,9.0,5.0,0.0,12.0,1.0,19.0,2.0,67.0,11.0,13.0,23.0,0.0,0.0,11.0,0.3740769230769231
LILRA4,4.0,2.0,13.0,5.0,16.0,19.0,11.0,6.0,6.0,16.0,27.0,5.0,8.0,3.0,11.0,20.0,72.0,33.0,54.0,4.0,1.0,0.0,3.0,28.0,18.0,22.0,11.0,27.0,32.0,7.0,1.0,25.0,0.3167076923076924
LMCD1,9.0,1.0,6.0,11.0,4.0,6.0,0.0,7.0,1.0,9.0,5.0,0.0,0.0,6.0,3.0,2.0,17.0,10.0,9.0,12.0,7.0,5.0,1.0,3.0,11.0,11.0,9.0,19.0,16.0,0.0,0.0,8.0,0.4774285714285716
LMOD1,7.0,11.0,9.0,2.0,6.0,12.0,1.0,6.0,30.0,8.0,16.0,6.0,16.0,6.0,8.0,3.0,19.0,15.0,8.0,8.0,1.0,0.0,5.0,20.0,3.0,7.0,9.0,11.0,15.0,12.0,1.0,8.0,0.4094594594594594
LRRC29,0.0,0.0,2.0,0.0,3.0,3.0,1.0,0.0,2.0,5.0,4.0,0.0,0.0,1.0,2.0,0.0,6.0,8.0,2.0,1.0,1.0,7.0,1.0,1.0,1.0,0.0,8.0,2.0,0.0,2.0,1.0,1.0,0.3823333333333333
LRRC37B,6.0,3.0,22.0,5.0,18.0,12.0,9.0,10.0,14.0,16.0,9.0,7.0,12.0,2.0,11.0,23.0,15.0,12.0,10.0,3.0,4.0,3.0,1.0,16.0,16.0,10.0,0.0,20.0,27.0,2.0,4.0,15.0,0.4333428571428571
LSM5,21.0,2.0,0.0,0.0,7.0,0.0,0.0,1.0,1.0,1.0,0.0,0.0,1.0,5.0,1.0,2.0,2.0,1.0,6.0,0.0,1.0,0.0,1.0,0.0,1.0,0.0,0.0,0.0,1.0,0.0,1.0,1.0,0.5413333333333333
LSMD1,0.0,1.0,1.0,0.0,0.0,1.0,1.0,0.0,2.0,5.0,0.0,1.0,1.0,1.0,0.0,0.0,6.0,0.0,1.0,1.0,3.0,1.0,0.0,3.0,0.0,1.0,5.0,2.0,2.0,0.0,0.0,1.0,0.3848
LTA4H,7.0,1.0,6.0,15.0,1.0,7.0,2.0,1.0,8.0,11.0,2.0,5.0,3.0,6.0,5.0,6.0,7.0,4.0,1.0,3.0,1.0,2.0,9.0,3.0,61.0,4.0,5.0,2.0,5.0,0.0,8.0,9.0,0.628
LTN1,52.0,16.0,35.0,32.0,33.0,2.0,6.0,15.0,36.0,21.0,17.0,13.0,33.0,23.0,28.0,13.0,13.0,19.0,8.0,7.0,3.0,2.0,8.0,12.0,20.0,58.0,10.0,22.0,13.0,4.0,23.0,12.0,0.3978202247191013
LY9,22.0,12.0,52.0,5.0,15.0,16.0,4.0,9.0,8.0,24.0,19.0,2.0,23.0,11.0,8.0,24.0,34.0,28.0,25.0,12.0,2.0,10.0,25.0,29.0,14.0,18.0,15.0,8.0,38.0,0.0,9.0,40.0,0.3565671641791045
LYSMD4,5.0,0.0,10.0,6.0,40.0,3.0,1.0,5.0,19.0,10.0,6.0,2.0,1.0,1.0,5.0,6.0,10.0,4.0,1.0,1.0,0.0,0.0,0.0,1.0,3.0,3.0,3.0,3.0,5.0,0.0,3.0,2.0,0.384625
MAP2K1,16.0,8.0,16.0,2.0,87.0,11.0,0.0,5.0,43.0,12.0,17.0,9.0,21.0,6.0,8.0,2.0,2.0,3.0,5.0,7.0,1.0,1.0,2.0,7.0,46.0,0.0,3.0,16.0,7.0,257.0,0.0,7.0,0.7092121212121212
MAP3K7CL,28.0,2.0,10.0,7.0,1.0,1.0,2.0,1.0,0.0,7.0,4.0,1.0,2.0,0.0,35.0,0.0,5.0,7.0,0.0,0.0,1.0,1.0,1.0,3.0,2.0,3.0,2.0,3.0,2.0,3.0,2.0,3.0,0.4795
MAST4,28.0,24.0,48.0,2.0,19.0,33.0,7.0,13.0,34.0,39.0,48.0,15.0,15.0,28.0,35.0,25.0,72.0,45.0,58.0,19.0,5.0,33.0,8.0,56.0,30.0,29.0,32.0,56.0,47.0,7.0,16.0,19.0,0.5162428571428573
MATN4,3.0,14.0,7.0,1.0,1.0,7.0,17.0,7.0,22.0,28.0,23.0,0.0,4.0,17.0,5.0,17.0,25.0,18.0,18.0,16.0,11.0,42.0,8.0,30.0,10.0,8.0,55.0,41.0,12.0,7.0,5.0,5.0,0.6456571428571432
MCIDAS,0.0,0.0,0.0,0.0,0.0,2.0,0.0,0.0,0.0,1.0,1.0,0.0,0.0,4.0,1.0,2.0,6.0,2.0,0.0,0.0,0.0,0.0,0.0,2.0,0.0,1.0,0.0,2.0,0.0,0.0,0.0,0.0,0.4452
MDM2,10.0,2.0,17.0,5.0,2.0,1.0,0.0,6.0,0.0,7.0,6.0,5.0,7.0,10.0,6.0,4.0,3.0,0.0,3.0,1.0,6.0,1.0,10.0,6.0,7.0,5.0,0.0,2.0,13.0,0.0,11.0,6.0,0.557
MED9,0.0,5.0,1.0,4.0,1.0,11.0,1.0,0.0,0.0,9.0,3.0,0.0,1.0,0.0,1.0,0.0,7.0,1.0,6.0,7.0,2.0,1.0,0.0,11.0,0.0,0.0,1.0,1.0,1.0,0.0,0.0,0.0,0.4173333333333333
MET,23.0,19.0,51.0,60.0,23.0,18.0,42.0,27.0,39.0,28.0,9.0,112.0,30.0,40.0,49.0,74.0,29.0,23.0,12.0,25.0,11.0,2.0,6.0,18.0,38.0,24.0,12.0,6.0,26.0,20.0,20.0,34.0,0.5724905660377356
MIDN,3.0,1.0,1.0,0.0,2.0,9.0,2.0,7.0,0.0,4.0,8.0,0.0,2.0,3.0,2.0,0.0,3.0,9.0,14.0,11.0,1.0,7.0,0.0,9.0,3.0,9.0,4.0,14.0,6.0,4.0,0.0,1.0,0.3503703703703703
MIER3,13.0,23.0,5.0,7.0,2.0,2.0,0.0,19.0,16.0,2.0,1.0,10.0,9.0,5.0,1.0,3.0,11.0,10.0,0.0,1.0,0.0,0.0,4.0,13.0,9.0,7.0,8.0,1.0,1.0,2.0,3.0,9.0,0.451391304347826
MISP,2.0,3.0,6.0,2.0,9.0,9.0,3.0,2.0,13.0,15.0,9.0,0.0,8.0,6.0,0.0,8.0,44.0,38.0,29.0,11.0,1.0,4.0,0.0,37.0,14.0,12.0,28.0,18.0,18.0,1.0,0.0,11.0,0.3217049180327869
MME,80.0,10.0,28.0,47.0,16.0,9.0,9.0,21.0,36.0,15.0,12.0,26.0,27.0,35.0,33.0,20.0,32.0,49.0,24.0,2.0,9.0,0.0,7.0,16.0,39.0,18.0,15.0,6.0,55.0,13.0,20.0,30.0,0.4592641509433961
MMP24,2.0,1.0,8.0,0.0,3.0,12.0,1.0,1.0,9.0,5.0,25.0,2.0,0.0,6.0,2.0,9.0,14.0,12.0,10.0,7.0,11.0,4.0,4.0,38.0,12.0,7.0,18.0,5.0,8.0,6.0,1.0,2.0,0.5012258064516129
MORN5,4.0,12.0,7.0,5.0,20.0,14.0,0.0,6.0,1.0,10.0,46.0,8.0,10.0,1.0,28.0,0.0,2.0,2.0,7.0,2.0,2.0,0.0,0.0,3.0,24.0,0.0,1.0,22.0,2.0,2.0,2.0,4.0,0.46025
MRI1,0.0,0.0,8.0,0.0,17.0,3.0,2.0,4.0,1.0,9.0,4.0,1.0,1.0,4.0,3.0,9.0,6.0,12.0,7.0,11.0,0.0,1.0,2.0,7.0,1.0,2.0,5.0,7.0,3.0,0.0,0.0,1.0,0.3054285714285715
MRPS31,8.0,18.0,14.0,8.0,2.0,1.0,1.0,1.0,4.0,0.0,1.0,2.0,6.0,10.0,2.0,1.0,1.0,6.0,1.0,1.0,0.0,2.0,4.0,10.0,8.0,5.0,1.0,4.0,2.0,0.0,4.0,6.0,0.3439999999999999
MSMP,0.0,4.0,2.0,0.0,1.0,2.0,0.0,3.0,0.0,9.0,1.0,1.0,0.0,0.0,1.0,0.0,1.0,2.0,2.0,2.0,0.0,2.0,5.0,3.0,2.0,2.0,0.0,0.0,0.0,5.0,0.0,0.0,0.2948
MTMR7,22.0,5.0,12.0,13.0,8.0,13.0,17.0,10.0,11.0,4.0,13.0,15.0,8.0,7.0,11.0,6.0,13.0,9.0,3.0,3.0,1.0,0.0,11.0,13.0,11.0,11.0,11.0,27.0,9.0,7.0,15.0,29.0,0.7001904761904763
MTOR,17.0,192.0,28.0,10.0,39.0,13.0,7.0,195.0,47.0,34.0,27.0,18.0,32.0,52.0,59.0,31.0,64.0,47.0,40.0,24.0,9.0,39.0,24.0,38.0,22.0,25.0,57.0,46.0,47.0,29.0,15.0,61.0,0.6263905325443785
MTOR,17.0,192.0,28.0,10.0,39.0,13.0,7.0,195.0,47.0,34.0,27.0,18.0,32.0,52.0,59.0,31.0,64.0,47.0,40.0,24.0,9.0,39.0,24.0,38.0,22.0,25.0,57.0,46.0,47.0,29.0,15.0,61.0,0.6263905325443785
MTOR,17.0,192.0,28.0,10.0,39.0,13.0,7.0,195.0,47.0,34.0,27.0,18.0,32.0,52.0,59.0,31.0,64.0,47.0,40.0,24.0,9.0,39.0,24.0,38.0,22.0,25.0,57.0,46.0,47.0,29.0,15.0,61.0,0.6263905325443785
MUC12,10.0,2.0,5.0,4.0,1.0,2.0,1.0,1.0,1.0,2.0,0.0,1.0,0.0,2.0,2.0,1.0,6.0,4.0,9.0,1.0,0.0,0.0,6.0,1.0,1.0,2.0,4.0,3.0,3.0,0.0,0.0,2.0,0.3783076923076923
MVD,1.0,4.0,9.0,1.0,1.0,13.0,1.0,1.0,1.0,11.0,4.0,1.0,2.0,3.0,6.0,2.0,6.0,4.0,7.0,5.0,1.0,1.0,0.0,3.0,8.0,5.0,11.0,23.0,5.0,1.0,1.0,3.0,0.396095238095238
MYBL2,1.0,8.0,10.0,5.0,10.0,17.0,3.0,9.0,6.0,6.0,35.0,0.0,5.0,24.0,7.0,17.0,23.0,16.0,22.0,4.0,6.0,1.0,1.0,65.0,9.0,2.0,7.0,14.0,23.0,8.0,0.0,6.0,0.4378823529411765
MYBPC1,10.0,13.0,25.0,36.0,11.0,43.0,1.0,18.0,36.0,10.0,30.0,7.0,33.0,38.0,11.0,9.0,44.0,24.0,13.0,0.0,2.0,3.0,22.0,36.0,37.0,15.0,14.0,27.0,19.0,7.0,51.0,20.0,0.6833398058252423
MYBPH,0.0,0.0,3.0,0.0,19.0,23.0,0.0,5.0,13.0,4.0,31.0,1.0,3.0,4.0,4.0,3.0,21.0,11.0,15.0,7.0,3.0,1.0,1.0,17.0,1.0,2.0,9.0,12.0,11.0,0.0,0.0,0.0,0.44625
MYO19,6.0,9.0,5.0,26.0,9.0,15.0,1.0,5.0,7.0,21.0,11.0,11.0,5.0,16.0,13.0,21.0,15.0,17.0,6.0,4.0,3.0,6.0,8.0,5.0,10.0,11.0,16.0,37.0,17.0,3.0,1.0,12.0,0.4291428571428571
NAPEPLD,23.0,2.0,5.0,9.0,3.0,1.0,0.0,1.0,5.0,1.0,2.0,3.0,20.0,2.0,4.0,4.0,20.0,4.0,7.0,5.0,2.0,0.0,4.0,5.0,13.0,1.0,5.0,1.0,5.0,0.0,7.0,5.0,0.4356363636363637
NDUFA5,4.0,0.0,12.0,3.0,2.0,0.0,0.0,2.0,11.0,0.0,0.0,1.0,0.0,0.0,2.0,1.0,0.0,5.0,4.0,1.0,0.0,0.0,1.0,1.0,3.0,0.0,0.0,0.0,1.0,0.0,0.0,1.0,0.51
NDUFAF1,11.0,2.0,4.0,3.0,5.0,1.0,1.0,1.0,6.0,2.0,7.0,2.0,6.0,5.0,2.0,3.0,2.0,4.0,1.0,2.0,1.0,0.0,9.0,10.0,4.0,0.0,3.0,0.0,11.0,5.0,1.0,1.0,0.3932222222222222
NELFCD,12.0,9.0,21.0,7.0,16.0,27.0,1.0,25.0,1.0,25.0,12.0,0.0,5.0,8.0,9.0,9.0,8.0,7.0,7.0,1.0,0.0,3.0,4.0,5.0,3.0,2.0,6.0,14.0,5.0,0.0,2.0,7.0,0.6978125000000001
NF1,104.0,43.0,74.0,166.0,59.0,63.0,5.0,453.0,67.0,23.0,108.0,71.0,28.0,67.0,81.0,35.0,51.0,62.0,10.0,2.0,0.0,4.0,30.0,72.0,63.0,46.0,61.0,46.0,62.0,72.0,50.0,65.0,0.6753720930232564
NFATC3,24.0,5.0,15.0,16.0,10.0,2.0,1.0,11.0,15.0,9.0,8.0,7.0,8.0,25.0,11.0,6.0,7.0,7.0,14.0,0.0,2.0,0.0,5.0,14.0,16.0,4.0,7.0,2.0,6.0,7.0,10.0,8.0,0.6873043478260871
NFYC,4.0,1.0,3.0,3.0,7.0,6.0,1.0,8.0,3.0,5.0,9.0,10.0,2.0,6.0,6.0,9.0,19.0,6.0,19.0,6.0,0.0,1.0,0.0,7.0,0.0,16.0,7.0,38.0,12.0,8.0,9.0,2.0,0.5703333333333334
NODAL,1.0,0.0,4.0,1.0,7.0,5.0,1.0,2.0,4.0,11.0,5.0,0.0,1.0,0.0,2.0,1.0,9.0,7.0,1.0,3.0,2.0,2.0,2.0,5.0,1.0,3.0,4.0,10.0,4.0,0.0,0.0,0.0,0.4205714285714286
NOL10,10.0,5.0,47.0,1.0,8.0,1.0,17.0,6.0,4.0,7.0,8.0,2.0,6.0,1.0,14.0,7.0,5.0,3.0,1.0,7.0,13.0,2.0,8.0,8.0,7.0,5.0,11.0,3.0,4.0,4.0,4.0,12.0,0.691111111111111
NOP14,8.0,16.0,19.0,2.0,16.0,4.0,2.0,6.0,3.0,10.0,12.0,2.0,3.0,11.0,8.0,28.0,29.0,5.0,6.0,2.0,1.0,5.0,1.0,11.0,9.0,5.0,10.0,10.0,11.0,3.0,2.0,9.0,0.3562727272727272
NOX1,28.0,15.0,10.0,12.0,11.0,10.0,2.0,4.0,4.0,10.0,14.0,4.0,7.0,11.0,8.0,16.0,13.0,11.0,11.0,5.0,1.0,0.0,12.0,11.0,21.0,13.0,7.0,13.0,4.0,1.0,6.0,15.0,0.4207999999999998
NPVF,17.0,7.0,11.0,3.0,9.0,2.0,1.0,0.0,4.0,0.0,7.0,11.0,7.0,2.0,4.0,1.0,3.0,8.0,2.0,2.0,0.0,0.0,1.0,3.0,6.0,2.0,2.0,0.0,16.0,2.0,7.0,1.0,0.3939999999999999
NRAS,14.0,0.0,1.0,8.0,8.0,2.0,0.0,3.0,5.0,472.0,37.0,0.0,1.0,3.0,8.0,2.0,15075.0,31746.0,7.0,1.0,0.0,4.0,1.0,226.0,3.0,11.0,2.0,0.0,1377.0,2.0,9.0,3.0,0.643357142857143
NRG2,0.0,18.0,14.0,0.0,12.0,8.0,2.0,6.0,6.0,2.0,13.0,0.0,11.0,2.0,4.0,11.0,70.0,18.0,10.0,5.0,2.0,1.0,0.0,10.0,6.0,10.0,18.0,8.0,15.0,2.0,5.0,2.0,0.6598285714285715
NSL1,8.0,1.0,2.0,6.0,1.0,5.0,0.0,3.0,4.0,0.0,8.0,0.0,3.0,3.0,3.0,2.0,6.0,2.0,1.0,0.0,1.0,5.0,1.0,4.0,4.0,1.0,3.0,0.0,3.0,1.0,4.0,10.0,0.4594285714285714
NSUN5,1.0,6.0,4.0,0.0,15.0,4.0,4.0,1.0,5.0,4.0,7.0,1.0,4.0,1.0,3.0,13.0,23.0,10.0,6.0,16.0,0.0,3.0,4.0,8.0,7.0,7.0,6.0,17.0,14.0,2.0,0.0,2.0,0.3875
NTRK1,2.0,13.0,13.0,5.0,7.0,14.0,18.0,11.0,20.0,45.0,23.0,1.0,8.0,3.0,7.0,61.0,48.0,31.0,33.0,23.0,10.0,13.0,0.0,24.0,13.0,25.0,16.0,30.0,36.0,3.0,4.0,6.0,0.644
NTRK2,25.0,6.0,20.0,18.0,21.0,17.0,1.0,17.0,20.0,9.0,22.0,10.0,26.0,22.0,20.0,39.0,67.0,39.0,10.0,9.0,8.0,17.0,2.0,11.0,13.0,17.0,34.0,47.0,17.0,13.0,7.0,15.0,0.5866153846153846
NTRK3,24.0,31.0,26.0,15.0,32.0,33.0,17.0,23.0,47.0,51.0,49.0,4.0,35.0,75.0,67.0,56.0,19.0,76.0,24.0,41.0,12.0,20.0,13.0,119.0,16.0,44.0,63.0,45.0,54.0,7.0,8.0,74.0,0.7129428571428574
NUP188,13.0,8.0,17.0,8.0,23.0,10.0,2.0,19.0,24.0,24.0,23.0,5.0,12.0,7.0,12.0,35.0,47.0,30.0,12.0,2.0,4.0,6.0,4.0,18.0,6.0,30.0,31.0,12.0,15.0,14.0,14.0,10.0,0.4327428571428572
NXPH2,21.0,7.0,15.0,5.0,15.0,7.0,6.0,18.0,9.0,7.0,6.0,1.0,4.0,8.0,13.0,3.0,46.0,11.0,19.0,25.0,19.0,1.0,2.0,1.0,4.0,16.0,7.0,8.0,9.0,4.0,14.0,6.0,0.5047894736842105
OCEL1,1.0,0.0,1.0,1.0,1.0,2.0,0.0,3.0,0.0,4.0,2.0,1.0,3.0,4.0,3.0,0.0,5.0,6.0,7.0,1.0,0.0,3.0,0.0,5.0,1.0,1.0,2.0,6.0,6.0,0.0,0.0,17.0,0.3436666666666667
ODC1,7.0,2.0,3.0,9.0,5.0,0.0,2.0,1.0,7.0,3.0,6.0,4.0,16.0,2.0,5.0,3.0,5.0,11.0,8.0,5.0,5.0,1.0,1.0,5.0,5.0,2.0,8.0,12.0,3.0,4.0,7.0,10.0,0.4703199999999999
OMG,1.0,6.0,2.0,7.0,6.0,6.0,0.0,8.0,9.0,1.0,0.0,1.0,1.0,4.0,8.0,2.0,5.0,6.0,0.0,0.0,0.0,0.0,0.0,1.0,1.0,7.0,4.0,0.0,1.0,1.0,4.0,4.0,0.3544285714285715
OR10G2,0.0,0.0,25.0,16.0,29.0,10.0,4.0,2.0,16.0,4.0,22.0,6.0,34.0,6.0,8.0,52.0,17.0,9.0,3.0,6.0,2.0,8.0,7.0,6.0,8.0,10.0,12.0,3.0,6.0,9.0,1.0,3.0,0.2986511627906976
OR10P1,0.0,0.0,3.0,0.0,0.0,31.0,5.0,1.0,11.0,2.0,16.0,2.0,18.0,5.0,1.0,19.0,12.0,4.0,10.0,18.0,2.0,11.0,9.0,8.0,8.0,1.0,10.0,19.0,8.0,1.0,0.0,7.0,0.3339333333333333
OR10S1,23.0,8.0,36.0,3.0,22.0,0.0,2.0,12.0,59.0,14.0,32.0,5.0,5.0,18.0,3.0,31.0,13.0,24.0,11.0,3.0,4.0,6.0,4.0,23.0,48.0,3.0,23.0,19.0,14.0,6.0,7.0,39.0,0.3099393939393939
OR12D3,22.0,11.0,7.0,5.0,7.0,0.0,0.0,5.0,21.0,9.0,8.0,24.0,1.0,11.0,0.0,8.0,7.0,2.0,1.0,0.0,1.0,0.0,1.0,4.0,9.0,2.0,19.0,2.0,9.0,4.0,0.0,6.0,0.3142631578947369
OR2B3,9.0,8.0,10.0,10.0,7.0,11.0,0.0,10.0,27.0,7.0,5.0,21.0,8.0,7.0,13.0,4.0,6.0,7.0,1.0,0.0,0.0,0.0,12.0,13.0,7.0,10.0,3.0,2.0,14.0,4.0,20.0,14.0,0.2772
OR2D2,31.0,11.0,7.0,8.0,13.0,12.0,0.0,10.0,18.0,5.0,12.0,0.0,7.0,56.0,6.0,9.0,17.0,3.0,3.0,0.0,0.0,0.0,12.0,21.0,6.0,6.0,8.0,1.0,3.0,0.0,8.0,9.0,0.3272820512820513
OR4A15,191.0,5.0,76.0,30.0,27.0,5.0,14.0,29.0,47.0,22.0,12.0,40.0,7.0,48.0,76.0,17.0,24.0,34.0,19.0,0.0,22.0,0.0,2.0,11.0,41.0,27.0,25.0,21.0,13.0,62.0,31.0,67.0,0.3221417322834645
OR4C3,37.0,5.0,19.0,6.0,15.0,9.0,1.0,6.0,12.0,47.0,17.0,3.0,6.0,83.0,15.0,27.0,24.0,33.0,22.0,0.0,0.0,0.0,0.0,27.0,8.0,1.0,16.0,76.0,9.0,9.0,3.0,58.0,0.3822985074626867
OR52B4,5.0,7.0,25.0,11.0,36.0,7.0,2.0,2.0,4.0,3.0,4.0,37.0,6.0,39.0,28.0,4.0,3.0,14.0,6.0,0.0,2.0,1.0,4.0,8.0,17.0,11.0,19.0,8.0,8.0,5.0,9.0,10.0,0.2851428571428572
OR52E8,14.0,5.0,5.0,7.0,3.0,1.0,0.0,2.0,26.0,4.0,14.0,6.0,9.0,27.0,17.0,20.0,5.0,11.0,1.0,0.0,4.0,0.0,4.0,31.0,4.0,1.0,2.0,7.0,16.0,4.0,15.0,11.0,0.3176086956521738
OR5AK2,86.0,6.0,16.0,14.0,5.0,1.0,2.0,6.0,19.0,6.0,8.0,9.0,12.0,16.0,8.0,3.0,11.0,8.0,2.0,2.0,0.0,0.0,21.0,4.0,16.0,1.0,9.0,1.0,8.0,11.0,11.0,27.0,0.3429032258064516
OR5AR1,11.0,6.0,13.0,14.0,18.0,9.0,0.0,18.0,14.0,11.0,7.0,6.0,32.0,8.0,16.0,16.0,13.0,15.0,3.0,1.0,0.0,0.0,6.0,22.0,5.0,7.0,1.0,6.0,1.0,5.0,35.0,8.0,0.3498909090909091
OR8B12,4.0,5.0,5.0,3.0,8.0,47.0,0.0,26.0,0.0,9.0,12.0,17.0,2.0,16.0,6.0,21.0,22.0,15.0,5.0,5.0,0.0,0.0,9.0,7.0,21.0,13.0,2.0,7.0,17.0,3.0,10.0,40.0,0.3355714285714286
OR8S1,44.0,13.0,3.0,1.0,12.0,0.0,0.0,5.0,12.0,5.0,10.0,2.0,10.0,18.0,13.0,2.0,18.0,5.0,16.0,1.0,0.0,22.0,1.0,6.0,16.0,3.0,7.0,14.0,17.0,7.0,0.0,48.0,0.3807894736842105
OSBPL11,27.0,8.0,6.0,8.0,6.0,3.0,1.0,12.0,16.0,7.0,4.0,6.0,9.0,5.0,16.0,6.0,19.0,5.0,1.0,0.0,1.0,0.0,13.0,2.0,5.0,2.0,17.0,2.0,3.0,5.0,11.0,8.0,0.422258064516129
OTOGL,245.0,38.0,63.0,95.0,76.0,19.0,1.0,63.0,52.0,13.0,39.0,34.0,30.0,79.0,61.0,69.0,61.0,63.0,13.0,4.0,3.0,2.0,14.0,34.0,77.0,43.0,36.0,17.0,29.0,28.0,63.0,61.0,0.6263933054393308
OXER1,0.0,4.0,0.0,1.0,1.0,2.0,0.0,1.0,3.0,8.0,12.0,0.0,0.0,4.0,4.0,8.0,14.0,19.0,9.0,0.0,0.0,0.0,0.0,5.0,3.0,15.0,5.0,20.0,17.0,0.0,0.0,3.0,0.3163846153846154
P2RX3,7.0,1.0,6.0,5.0,2.0,8.0,8.0,5.0,8.0,21.0,12.0,1.0,1.0,21.0,11.0,14.0,49.0,19.0,15.0,1.0,8.0,4.0,0.0,17.0,15.0,5.0,11.0,42.0,9.0,6.0,0.0,9.0,0.4745999999999999
P2RY2,1.0,0.0,4.0,0.0,5.0,20.0,8.0,1.0,3.0,37.0,26.0,1.0,12.0,10.0,1.0,22.0,12.0,20.0,30.0,9.0,16.0,23.0,7.0,12.0,11.0,11.0,15.0,46.0,5.0,1.0,1.0,3.0,0.3919130434782608
PAM,26.0,12.0,18.0,6.0,12.0,6.0,4.0,7.0,16.0,7.0,10.0,24.0,2.0,19.0,7.0,12.0,9.0,36.0,7.0,5.0,3.0,3.0,8.0,3.0,9.0,3.0,15.0,19.0,10.0,22.0,13.0,10.0,0.6432542372881354
PAPL,7.0,6.0,6.0,0.0,3.0,13.0,6.0,4.0,13.0,10.0,1.0,3.0,10.0,11.0,11.0,10.0,20.0,12.0,29.0,4.0,10.0,6.0,0.0,14.0,12.0,11.0,11.0,15.0,4.0,10.0,2.0,7.0,0.4480588235294118
PCDHB5,51.0,87.0,38.0,63.0,60.0,51.0,33.0,11.0,81.0,81.0,30.0,7.0,18.0,17.0,49.0,75.0,71.0,45.0,47.0,44.0,32.0,52.0,31.0,105.0,37.0,20.0,35.0,69.0,27.0,8.0,17.0,26.0,0.3545522388059702
PCYT1A,2.0,5.0,6.0,6.0,2.0,14.0,0.0,3.0,13.0,7.0,4.0,5.0,3.0,12.0,3.0,5.0,14.0,0.0,9.0,2.0,3.0,7.0,0.0,13.0,10.0,5.0,7.0,1.0,4.0,6.0,1.0,2.0,0.6401
PDGFD,17.0,11.0,37.0,14.0,8.0,17.0,0.0,8.0,19.0,9.0,4.0,15.0,27.0,17.0,7.0,5.0,11.0,13.0,3.0,3.0,10.0,6.0,1.0,8.0,17.0,3.0,3.0,4.0,25.0,14.0,11.0,10.0,0.431191489361702
PDGFRA,50.0,21.0,41.0,35.0,21.0,21.0,28.0,20.0,43.0,36.0,41.0,24.0,46.0,54.0,49.0,30.0,45.0,81.0,47.0,7.0,15.0,11.0,18.0,32.0,41.0,30.0,20.0,33.0,59.0,44.0,22.0,46.0,0.6055395683453237
PDGFRB,9.0,15.0,24.0,2.0,13.0,21.0,6.0,6.0,20.0,35.0,38.0,11.0,9.0,9.0,32.0,21.0,37.0,53.0,36.0,5.0,6.0,12.0,9.0,29.0,8.0,22.0,18.0,26.0,17.0,4.0,9.0,21.0,0.5444000000000002
PDYN,92.0,8.0,16.0,1.0,48.0,1.0,10.0,11.0,37.0,23.0,14.0,10.0,7.0,26.0,55.0,3.0,22.0,12.0,37.0,12.0,1.0,9.0,5.0,12.0,6.0,10.0,46.0,6.0,11.0,0.0,0.0,20.0,0.3400952380952382
PDZK1IP1,0.0,0.0,6.0,0.0,2.0,3.0,4.0,1.0,19.0,3.0,3.0,6.0,0.0,3.0,0.0,3.0,2.0,1.0,0.0,2.0,1.0,0.0,1.0,65.0,0.0,4.0,4.0,2.0,1.0,4.0,5.0,4.0,0.3427999999999999
PEX11B,1.0,7.0,1.0,2.0,2.0,5.0,1.0,10.0,4.0,4.0,3.0,0.0,6.0,7.0,7.0,8.0,6.0,12.0,0.0,0.0,2.0,2.0,0.0,14.0,2.0,5.0,2.0,7.0,14.0,0.0,0.0,2.0,0.4257333333333333
PFKFB1,12.0,23.0,1.0,19.0,8.0,21.0,1.0,14.0,9.0,6.0,31.0,12.0,10.0,11.0,13.0,21.0,30.0,5.0,7.0,19.0,11.0,0.0,12.0,17.0,25.0,2.0,10.0,9.0,7.0,1.0,2.0,47.0,0.4900799999999999
PHYHIP,7.0,5.0,4.0,0.0,3.0,6.0,1.0,1.0,14.0,4.0,4.0,0.0,3.0,2.0,1.0,5.0,18.0,5.0,8.0,6.0,2.0,8.0,3.0,7.0,5.0,7.0,7.0,6.0,1.0,1.0,0.0,6.0,0.4454736842105263
PIK3CA,7973.0,81.0,784.0,650.0,1021.0,194.0,1.0,19.0,2186.0,95.0,10811.0,10.0,35245.0,98129.0,1018.0,89.0,90420.0,2035.0,102.0,14.0,2.0,1.0,152.0,1438.0,412.0,16.0,86.0,56.0,334.0,50.0,429.0,3119.0,0.7452402234636871
PIK3CA,7973.0,81.0,784.0,650.0,1021.0,194.0,1.0,19.0,2186.0,95.0,10811.0,10.0,35245.0,98129.0,1018.0,89.0,90420.0,2035.0,102.0,14.0,2.0,1.0,152.0,1438.0,412.0,16.0,86.0,56.0,334.0,50.0,429.0,3119.0,0.7452402234636871
PIKFYVE,53.0,23.0,23.0,24.0,19.0,15.0,4.0,12.0,30.0,22.0,23.0,21.0,22.0,49.0,22.0,7.0,29.0,36.0,16.0,3.0,2.0,6.0,24.0,39.0,51.0,18.0,11.0,23.0,32.0,19.0,32.0,39.0,0.487453125
PITPNB,14.0,7.0,0.0,0.0,5.0,3.0,0.0,0.0,4.0,2.0,0.0,17.0,1.0,1.0,1.0,2.0,10.0,1.0,0.0,7.0,0.0,4.0,2.0,1.0,1.0,1.0,4.0,4.0,9.0,4.0,2.0,1.0,0.4702
PKN3,0.0,4.0,9.0,1.0,4.0,11.0,1.0,2.0,10.0,14.0,15.0,1.0,9.0,6.0,4.0,8.0,23.0,7.0,15.0,1.0,4.0,6.0,2.0,16.0,10.0,6.0,19.0,22.0,4.0,6.0,1.0,1.0,0.4575555555555556
PLAU,7.0,1.0,4.0,4.0,7.0,4.0,7.0,11.0,9.0,7.0,19.0,2.0,14.0,11.0,0.0,9.0,11.0,11.0,19.0,3.0,0.0,5.0,3.0,10.0,11.0,3.0,15.0,4.0,13.0,9.0,0.0,2.0,0.4264242424242424
PLD5,59.0,15.0,27.0,24.0,40.0,21.0,1.0,21.0,11.0,16.0,11.0,33.0,8.0,20.0,8.0,26.0,64.0,10.0,8.0,8.0,3.0,2.0,0.0,35.0,30.0,36.0,15.0,1.0,43.0,11.0,20.0,36.0,0.4969750000000002
PLD6,9.0,1.0,5.0,0.0,0.0,2.0,3.0,0.0,0.0,0.0,7.0,1.0,0.0,1.0,2.0,2.0,6.0,9.0,0.0,0.0,0.0,1.0,0.0,37.0,0.0,0.0,4.0,2.0,1.0,1.0,1.0,5.0,0.3246666666666666
PLOD2,28.0,6.0,6.0,12.0,10.0,3.0,1.0,10.0,5.0,5.0,9.0,19.0,11.0,15.0,30.0,8.0,8.0,20.0,9.0,0.0,0.0,0.0,13.0,6.0,21.0,5.0,4.0,8.0,26.0,3.0,21.0,11.0,0.4110370370370368
PM20D1,2.0,2.0,19.0,1.0,2.0,12.0,0.0,7.0,10.0,9.0,12.0,1.0,14.0,8.0,3.0,1.0,20.0,9.0,23.0,8.0,0.0,8.0,4.0,14.0,22.0,8.0,3.0,2.0,38.0,1.0,5.0,11.0,0.3611612903225807
PMAIP1,3.0,2.0,0.0,0.0,1.0,0.0,0.0,0.0,2.0,0.0,1.0,1.0,0.0,1.0,1.0,4.0,0.0,4.0,3.0,1.0,0.0,1.0,0.0,0.0,1.0,1.0,2.0,0.0,0.0,0.0,1.0,4.0,0.495
PNLDC1,15.0,10.0,16.0,2.0,19.0,23.0,1.0,21.0,10.0,13.0,12.0,23.0,19.0,41.0,5.0,12.0,15.0,27.0,15.0,6.0,2.0,6.0,3.0,24.0,9.0,17.0,22.0,9.0,13.0,10.0,9.0,54.0,0.4309787234042552
PNOC,1.0,0.0,5.0,1.0,2.0,0.0,0.0,0.0,6.0,4.0,6.0,0.0,1.0,6.0,0.0,0.0,3.0,5.0,6.0,0.0,0.0,2.0,1.0,4.0,1.0,4.0,4.0,8.0,9.0,0.0,1.0,7.0,0.4064615384615384
POC1B,11.0,4.0,8.0,11.0,9.0,5.0,1.0,9.0,18.0,4.0,10.0,3.0,9.0,7.0,2.0,3.0,8.0,5.0,0.0,0.0,0.0,0.0,3.0,6.0,9.0,2.0,2.0,0.0,2.0,12.0,3.0,6.0,0.4987
POLR2L,1.0,0.0,0.0,0.0,9.0,0.0,1.0,0.0,1.0,1.0,4.0,0.0,0.0,7.0,2.0,0.0,4.0,3.0,2.0,3.0,0.0,0.0,0.0,0.0,1.0,1.0,3.0,4.0,2.0,0.0,0.0,0.0,0.3956666666666666
POM121,15.0,15.0,32.0,2.0,10.0,18.0,33.0,13.0,17.0,25.0,42.0,3.0,17.0,14.0,15.0,25.0,42.0,47.0,53.0,16.0,2.0,33.0,13.0,53.0,20.0,2.0,46.0,54.0,17.0,14.0,13.0,17.0,0.4800937499999999
POU4F1,17.0,4.0,5.0,1.0,7.0,2.0,3.0,5.0,15.0,10.0,9.0,1.0,3.0,0.0,9.0,11.0,7.0,9.0,14.0,10.0,18.0,19.0,0.0,7.0,8.0,6.0,3.0,16.0,6.0,2.0,2.0,1.0,0.4373333333333333
PPAP2A,6.0,2.0,1.0,8.0,5.0,1.0,1.0,6.0,15.0,1.0,2.0,10.0,2.0,3.0,5.0,1.0,3.0,5.0,0.0,0.0,0.0,0.0,4.0,1.0,6.0,0.0,2.0,4.0,0.0,20.0,17.0,0.0,0.3912727272727272
PQBP1,5.0,1.0,6.0,0.0,0.0,2.0,1.0,3.0,1.0,11.0,12.0,9.0,9.0,8.0,6.0,10.0,7.0,3.0,13.0,4.0,0.0,2.0,26.0,8.0,0.0,7.0,6.0,8.0,5.0,5.0,0.0,3.0,0.486
PRPF39,7.0,9.0,5.0,11.0,6.0,3.0,1.0,6.0,9.0,5.0,9.0,8.0,2.0,14.0,4.0,6.0,5.0,6.0,1.0,2.0,0.0,0.0,2.0,1.0,20.0,3.0,3.0,3.0,3.0,7.0,17.0,5.0,0.4128571428571428
PRR23C,0.0,6.0,0.0,2.0,2.0,3.0,11.0,2.0,12.0,9.0,15.0,1.0,12.0,1.0,0.0,3.0,9.0,2.0,20.0,1.0,10.0,5.0,1.0,36.0,11.0,10.0,4.0,12.0,15.0,1.0,0.0,5.0,0.3144615384615384
PRRC2A,20.0,6.0,21.0,0.0,14.0,41.0,12.0,3.0,10.0,31.0,31.0,4.0,3.0,14.0,10.0,15.0,40.0,47.0,67.0,18.0,21.0,16.0,2.0,35.0,27.0,22.0,23.0,29.0,43.0,12.0,5.0,29.0,0.5086720000000001
PRSS42,4.0,2.0,2.0,2.0,7.0,6.0,0.0,1.0,8.0,3.0,7.0,1.0,0.0,42.0,9.0,4.0,5.0,27.0,10.0,2.0,0.0,3.0,0.0,0.0,1.0,10.0,4.0,6.0,0.0,1.0,0.0,1.0,0.3528571428571428
PSG3,33.0,6.0,6.0,10.0,21.0,9.0,1.0,18.0,12.0,6.0,21.0,16.0,4.0,30.0,8.0,11.0,21.0,25.0,28.0,18.0,1.0,4.0,6.0,6.0,25.0,9.0,19.0,8.0,20.0,15.0,27.0,18.0,0.3574615384615384
PSMB10,0.0,1.0,9.0,0.0,5.0,2.0,0.0,2.0,2.0,1.0,1.0,0.0,4.0,0.0,0.0,3.0,2.0,2.0,12.0,0.0,5.0,3.0,0.0,0.0,16.0,5.0,3.0,2.0,0.0,1.0,0.0,7.0,0.4127499999999999
PTAFR,1.0,6.0,6.0,7.0,2.0,3.0,1.0,21.0,16.0,4.0,1.0,0.0,2.0,10.0,8.0,5.0,5.0,5.0,3.0,2.0,1.0,2.0,2.0,5.0,14.0,1.0,23.0,1.0,1.0,3.0,0.0,10.0,0.4261428571428571
PTCH1,30.0,25.0,39.0,12.0,22.0,14.0,19.0,19.0,19.0,9.0,14.0,30.0,15.0,15.0,16.0,23.0,42.0,44.0,36.0,20.0,33.0,15.0,3.0,69.0,39.0,34.0,12.0,37.0,28.0,6.0,18.0,33.0,0.6501030927835049
PTEN,270.0,51.0,246.0,102.0,143.0,91.0,19.0,10087.0,126.0,27.0,123.0,501.0,560.0,372.0,63.0,49.0,9922.0,39.0,54.0,1653.0,44.0,1.0,98.0,77.0,392.0,44.0,237.0,230.0,47.0,265.0,328.0,157.0,0.7544489795918367
PTGES2,1.0,0.0,1.0,3.0,0.0,5.0,2.0,1.0,0.0,6.0,4.0,0.0,0.0,0.0,6.0,2.0,12.0,1.0,11.0,1.0,1.0,1.0,0.0,1.0,0.0,0.0,2.0,2.0,4.0,1.0,0.0,6.0,0.4367692307692307
PTMS,0.0,0.0,5.0,0.0,1.0,0.0,0.0,0.0,9.0,5.0,2.0,0.0,1.0,4.0,0.0,2.0,7.0,0.0,2.0,0.0,0.0,0.0,0.0,8.0,8.0,0.0,0.0,1.0,1.0,0.0,0.0,7.0,0.484
PTPRM,17.0,17.0,35.0,20.0,23.0,31.0,2.0,36.0,17.0,35.0,41.0,17.0,40.0,34.0,22.0,37.0,46.0,47.0,21.0,10.0,14.0,26.0,13.0,45.0,69.0,13.0,26.0,20.0,57.0,13.0,18.0,15.0,0.7295714285714291
PYCRL,0.0,0.0,1.0,0.0,11.0,1.0,2.0,14.0,1.0,6.0,9.0,0.0,0.0,0.0,0.0,2.0,3.0,7.0,8.0,0.0,0.0,2.0,0.0,0.0,4.0,3.0,4.0,3.0,2.0,2.0,0.0,1.0,0.31525
PYHIN1,30.0,34.0,16.0,13.0,13.0,5.0,2.0,16.0,102.0,10.0,20.0,32.0,19.0,8.0,60.0,14.0,72.0,16.0,1.0,0.0,1.0,0.0,2.0,51.0,33.0,6.0,18.0,5.0,15.0,9.0,37.0,18.0,0.3162888888888888
PYROXD2,6.0,7.0,6.0,4.0,18.0,4.0,1.0,11.0,7.0,6.0,12.0,2.0,48.0,8.0,4.0,29.0,47.0,11.0,3.0,5.0,16.0,43.0,7.0,12.0,10.0,12.0,19.0,12.0,5.0,10.0,4.0,3.0,0.4171764705882353
QPRT,0.0,1.0,0.0,0.0,4.0,2.0,1.0,0.0,4.0,5.0,5.0,0.0,0.0,0.0,5.0,4.0,5.0,11.0,7.0,4.0,2.0,8.0,0.0,0.0,1.0,1.0,6.0,11.0,2.0,0.0,0.0,0.0,0.375125
QSOX2,14.0,3.0,10.0,12.0,7.0,2.0,7.0,3.0,4.0,9.0,9.0,0.0,6.0,4.0,1.0,12.0,18.0,33.0,16.0,7.0,0.0,5.0,7.0,1.0,5.0,8.0,6.0,19.0,4.0,1.0,10.0,4.0,0.4536744186046511
RAB3B,0.0,0.0,2.0,0.0,10.0,6.0,1.0,1.0,14.0,3.0,6.0,0.0,5.0,5.0,0.0,3.0,8.0,6.0,2.0,1.0,0.0,0.0,4.0,0.0,4.0,15.0,10.0,8.0,6.0,3.0,4.0,7.0,0.4781538461538461
RAB3GAP2,24.0,10.0,21.0,24.0,50.0,17.0,6.0,21.0,15.0,15.0,24.0,14.0,28.0,10.0,24.0,14.0,26.0,88.0,21.0,2.0,4.0,81.0,23.0,16.0,23.0,9.0,13.0,17.0,26.0,20.0,27.0,19.0,0.4266829268292684
RBM28,28.0,13.0,17.0,9.0,1.0,2.0,12.0,4.0,8.0,14.0,3.0,10.0,4.0,6.0,28.0,3.0,7.0,6.0,9.0,1.0,7.0,3.0,4.0,21.0,10.0,3.0,13.0,14.0,5.0,1.0,9.0,8.0,0.406390243902439
RBM33,14.0,10.0,11.0,23.0,18.0,13.0,6.0,15.0,17.0,37.0,9.0,7.0,6.0,10.0,11.0,14.0,18.0,22.0,14.0,3.0,4.0,14.0,10.0,15.0,23.0,15.0,7.0,16.0,17.0,12.0,19.0,21.0,0.4900425531914892
RET,16.0,34.0,70.0,30.0,33.0,27.0,18.0,7.0,17.0,17.0,53.0,7.0,24.0,9.0,37.0,30.0,34.0,34.0,41.0,29.0,17.0,8.0,13.0,39.0,32.0,14.0,45.0,26.0,31.0,5.0,12.0,39.0,0.570018691588785
RFC2,3.0,0.0,4.0,7.0,7.0,1.0,1.0,5.0,2.0,5.0,4.0,3.0,2.0,8.0,4.0,2.0,3.0,17.0,1.0,2.0,2.0,2.0,4.0,6.0,2.0,6.0,6.0,11.0,1.0,0.0,9.0,6.0,0.495857142857143
RFWD2,32.0,3.0,16.0,13.0,13.0,3.0,0.0,10.0,14.0,15.0,5.0,9.0,7.0,5.0,19.0,5.0,17.0,17.0,16.0,0.0,1.0,2.0,2.0,8.0,15.0,4.0,12.0,2.0,8.0,11.0,8.0,5.0,0.5038260869565218
RGS7BP,25.0,7.0,17.0,6.0,3.0,2.0,1.0,4.0,7.0,5.0,18.0,16.0,2.0,17.0,6.0,1.0,17.0,17.0,11.0,4.0,1.0,6.0,0.0,1.0,1.0,1.0,4.0,3.0,17.0,1.0,6.0,4.0,0.5128571428571429
RHCG,12.0,9.0,5.0,3.0,9.0,13.0,1.0,6.0,11.0,2.0,5.0,3.0,0.0,9.0,6.0,7.0,11.0,18.0,5.0,9.0,2.0,5.0,4.0,6.0,6.0,15.0,13.0,10.0,11.0,4.0,1.0,9.0,0.4061212121212122
RIMS2,240.0,46.0,108.0,75.0,51.0,66.0,8.0,71.0,108.0,42.0,178.0,52.0,70.0,143.0,93.0,84.0,92.0,147.0,31.0,21.0,22.0,14.0,45.0,161.0,102.0,51.0,417.0,51.0,72.0,37.0,94.0,111.0,0.5688416289592764
RMDN3,2.0,6.0,1.0,3.0,3.0,2.0,1.0,2.0,5.0,6.0,16.0,10.0,0.0,1.0,4.0,5.0,10.0,9.0,5.0,10.0,0.0,3.0,0.0,8.0,7.0,1.0,8.0,5.0,6.0,1.0,0.0,3.0,0.4154444444444444
RMI1,54.0,2.0,18.0,5.0,20.0,1.0,0.0,8.0,13.0,4.0,1.0,9.0,6.0,9.0,2.0,10.0,1.0,4.0,1.0,0.0,4.0,0.0,4.0,2.0,20.0,5.0,10.0,2.0,7.0,5.0,13.0,7.0,0.3853846153846154
RNF149,6.0,3.0,5.0,4.0,5.0,0.0,2.0,5.0,2.0,5.0,2.0,13.0,2.0,1.0,1.0,0.0,2.0,5.0,1.0,4.0,0.0,4.0,2.0,3.0,12.0,4.0,5.0,15.0,2.0,2.0,4.0,2.0,0.3666666666666667
RNF26,0.0,0.0,0.0,2.0,1.0,16.0,1.0,3.0,9.0,9.0,12.0,1.0,0.0,0.0,6.0,13.0,7.0,4.0,2.0,4.0,0.0,4.0,2.0,11.0,2.0,6.0,3.0,7.0,8.0,5.0,0.0,13.0,0.4163636363636362
ROR1,6.0,5.0,12.0,22.0,12.0,8.0,5.0,16.0,26.0,5.0,7.0,10.0,33.0,18.0,10.0,13.0,32.0,30.0,10.0,14.0,3.0,1.0,12.0,15.0,27.0,5.0,13.0,35.0,24.0,14.0,17.0,13.0,0.5706249999999998
ROS1,123.0,31.0,75.0,60.0,88.0,49.0,6.0,33.0,112.0,19.0,25.0,43.0,23.0,56.0,64.0,45.0,91.0,66.0,27.0,11.0,6.0,1.0,50.0,51.0,94.0,19.0,41.0,14.0,56.0,33.0,84.0,87.0,0.4275185185185184
RP11-231C14.4,0.0,0.0,0.0,0.0,0.0,0.0,0.0,0.0,1.0,0.0,0.0,0.0,0.0,0.0,0.0,0.0,0.0,0.0,0.0,0.0,0.0,1.0,0.0,1.0,0.0,0.0,0.0,0.0,0.0,0.0,0.0,0.0,0.486
RP4-758J18.2,0.0,0.0,0.0,0.0,0.0,1.0,0.0,0.0,1.0,0.0,0.0,0.0,0.0,0.0,0.0,2.0,0.0,3.0,1.0,0.0,0.0,0.0,0.0,1.0,0.0,0.0,0.0,0.0,1.0,0.0,0.0,1.0,0.4
RPL38,0.0,0.0,6.0,0.0,0.0,0.0,0.0,3.0,0.0,0.0,0.0,0.0,4.0,0.0,1.0,0.0,1.0,0.0,0.0,0.0,0.0,0.0,0.0,0.0,0.0,0.0,1.0,0.0,1.0,0.0,0.0,1.0,0.564
RPP25,1.0,1.0,1.0,1.0,0.0,0.0,0.0,1.0,4.0,4.0,1.0,0.0,0.0,0.0,2.0,0.0,3.0,0.0,3.0,8.0,0.0,5.0,1.0,3.0,0.0,1.0,0.0,7.0,4.0,2.0,0.0,1.0,0.343
RPS26,3.0,3.0,1.0,3.0,3.0,2.0,1.0,1.0,0.0,1.0,1.0,1.0,1.0,0.0,0.0,4.0,0.0,0.0,1.0,1.0,1.0,2.0,0.0,1.0,5.0,1.0,4.0,3.0,1.0,1.0,7.0,2.0,0.5780000000000001
RSPH1,1.0,1.0,9.0,8.0,2.0,2.0,8.0,2.0,40.0,30.0,17.0,5.0,6.0,2.0,1.0,1.0,7.0,2.0,6.0,3.0,5.0,2.0,12.0,27.0,42.0,7.0,16.0,17.0,5.0,0.0,3.0,7.0,0.3992380952380951
SAG,3.0,7.0,13.0,0.0,12.0,5.0,1.0,5.0,3.0,17.0,12.0,10.0,7.0,11.0,5.0,15.0,10.0,8.0,8.0,4.0,3.0,3.0,7.0,12.0,4.0,10.0,13.0,11.0,5.0,22.0,0.0,5.0,0.3866896551724138
SALL3,30.0,33.0,12.0,1.0,29.0,38.0,36.0,18.0,20.0,69.0,51.0,0.0,23.0,46.0,14.0,23.0,51.0,27.0,71.0,54.0,24.0,53.0,5.0,57.0,35.0,25.0,58.0,63.0,39.0,7.0,1.0,23.0,0.6145333333333333
SART1,3.0,3.0,18.0,2.0,2.0,10.0,19.0,14.0,7.0,17.0,22.0,3.0,1.0,2.0,5.0,26.0,3.0,20.0,14.0,14.0,3.0,2.0,1.0,35.0,3.0,7.0,7.0,30.0,9.0,0.0,0.0,3.0,0.4136296296296295
SEC22C,2.0,1.0,3.0,2.0,4.0,0.0,5.0,1.0,4.0,3.0,16.0,0.0,2.0,8.0,1.0,1.0,5.0,5.0,1.0,1.0,0.0,0.0,1.0,2.0,2.0,0.0,2.0,1.0,8.0,1.0,2.0,3.0,0.4530909090909091
SETMAR,6.0,4.0,16.0,3.0,3.0,11.0,9.0,12.0,3.0,1.0,14.0,5.0,13.0,2.0,10.0,3.0,9.0,4.0,1.0,1.0,3.0,0.0,0.0,25.0,5.0,11.0,4.0,2.0,5.0,3.0,6.0,12.0,0.5
SLA2,2.0,3.0,1.0,3.0,2.0,8.0,4.0,7.0,2.0,2.0,4.0,0.0,1.0,1.0,4.0,5.0,14.0,4.0,15.0,19.0,1.0,1.0,5.0,9.0,1.0,4.0,7.0,3.0,5.0,1.0,0.0,3.0,0.4171304347826087
SLAIN2,6.0,2.0,3.0,0.0,1.0,5.0,1.0,7.0,2.0,8.0,2.0,5.0,6.0,3.0,9.0,1.0,6.0,5.0,2.0,0.0,2.0,6.0,7.0,10.0,7.0,0.0,11.0,3.0,3.0,7.0,5.0,2.0,0.4956774193548388
SLC10A2,46.0,8.0,3.0,12.0,26.0,5.0,5.0,22.0,14.0,21.0,10.0,20.0,7.0,22.0,11.0,20.0,24.0,56.0,23.0,28.0,22.0,2.0,13.0,4.0,22.0,36.0,15.0,16.0,20.0,1.0,20.0,32.0,0.5072063492063492
SLC22A23,5.0,5.0,1.0,4.0,18.0,9.0,2.0,1.0,4.0,11.0,9.0,9.0,4.0,21.0,1.0,16.0,19.0,21.0,20.0,4.0,0.0,2.0,4.0,8.0,15.0,4.0,4.0,16.0,7.0,6.0,3.0,9.0,0.4336363636363636
SLC25A12,16.0,21.0,12.0,6.0,9.0,7.0,1.0,5.0,6.0,8.0,5.0,19.0,3.0,9.0,7.0,10.0,7.0,7.0,5.0,0.0,2.0,3.0,4.0,3.0,13.0,16.0,8.0,8.0,7.0,6.0,16.0,25.0,0.4798666666666668
SLC25A20,0.0,3.0,6.0,2.0,4.0,5.0,1.0,4.0,4.0,3.0,3.0,2.0,7.0,1.0,2.0,2.0,12.0,5.0,19.0,1.0,1.0,0.0,0.0,7.0,1.0,1.0,3.0,1.0,2.0,1.0,2.0,1.0,0.4584999999999999
SLC25A24,7.0,9.0,6.0,22.0,7.0,4.0,2.0,3.0,11.0,3.0,5.0,5.0,12.0,7.0,8.0,1.0,3.0,13.0,2.0,2.0,1.0,4.0,0.0,6.0,14.0,10.0,2.0,2.0,19.0,14.0,4.0,10.0,0.4204761904761905
SLC25A51,68.0,1.0,4.0,4.0,4.0,2.0,0.0,0.0,5.0,1.0,0.0,2.0,8.0,18.0,5.0,1.0,2.0,4.0,2.0,0.0,0.0,0.0,0.0,4.0,1.0,1.0,4.0,1.0,1.0,0.0,2.0,2.0,0.4972
SLC26A10,3.0,2.0,5.0,2.0,4.0,9.0,2.0,2.0,16.0,6.0,11.0,0.0,3.0,6.0,11.0,10.0,10.0,15.0,14.0,4.0,1.0,5.0,4.0,8.0,17.0,8.0,25.0,8.0,14.0,2.0,4.0,10.0,0.5474545454545455
SLC35D3,4.0,1.0,8.0,0.0,1.0,12.0,0.0,0.0,2.0,8.0,4.0,1.0,4.0,8.0,0.0,6.0,15.0,9.0,8.0,2.0,2.0,15.0,3.0,20.0,2.0,7.0,8.0,6.0,11.0,3.0,3.0,5.0,0.36976
SMARCB1,4.0,2.0,25.0,0.0,15.0,3.0,1.0,2.0,12.0,3.0,3.0,35.0,21.0,29.0,26.0,3.0,4.0,21.0,14.0,5.0,2.0,5.0,1.0,5.0,4.0,15.0,0.0,3.0,5.0,17.0,0.0,21.0,0.586896551724138
SMIM13,5.0,1.0,2.0,0.0,0.0,0.0,0.0,0.0,0.0,4.0,0.0,0.0,1.0,0.0,0.0,0.0,1.0,1.0,0.0,1.0,0.0,1.0,0.0,0.0,1.0,2.0,5.0,0.0,1.0,1.0,0.0,1.0,0.416
SMIM21,10.0,1.0,1.0,1.0,4.0,4.0,8.0,3.0,6.0,2.0,1.0,26.0,6.0,2.0,6.0,0.0,12.0,3.0,1.0,2.0,3.0,0.0,0.0,5.0,11.0,6.0,1.0,0.0,1.0,0.0,2.0,12.0,0.2774999999999999
SP3,24.0,10.0,10.0,6.0,11.0,6.0,3.0,15.0,17.0,5.0,2.0,4.0,29.0,6.0,11.0,48.0,14.0,1.0,1.0,5.0,1.0,1.0,3.0,9.0,11.0,33.0,8.0,4.0,3.0,8.0,11.0,8.0,0.4888148148148147
SPATA5,9.0,6.0,9.0,10.0,7.0,10.0,2.0,3.0,28.0,5.0,19.0,5.0,5.0,41.0,20.0,1.0,14.0,9.0,5.0,1.0,3.0,4.0,33.0,15.0,16.0,9.0,2.0,9.0,16.0,5.0,5.0,24.0,0.4146521739130436
SPATA9,9.0,5.0,13.0,7.0,8.0,3.0,0.0,4.0,1.0,2.0,9.0,2.0,1.0,3.0,56.0,4.0,5.0,12.0,3.0,0.0,1.0,3.0,5.0,7.0,3.0,0.0,4.0,0.0,2.0,1.0,35.0,1.0,0.416625
SPRR1B,1.0,0.0,5.0,4.0,2.0,4.0,1.0,2.0,1.0,1.0,4.0,2.0,2.0,2.0,7.0,9.0,3.0,3.0,15.0,0.0,0.0,0.0,0.0,6.0,2.0,0.0,4.0,7.0,2.0,0.0,2.0,15.0,0.465875
SPZ1,22.0,13.0,11.0,77.0,4.0,3.0,0.0,9.0,10.0,5.0,5.0,18.0,2.0,11.0,14.0,3.0,11.0,3.0,1.0,1.0,0.0,1.0,6.0,3.0,13.0,5.0,1.0,1.0,6.0,1.0,19.0,5.0,0.3516
SRCRB4D,1.0,0.0,4.0,2.0,4.0,4.0,2.0,1.0,6.0,6.0,9.0,0.0,0.0,4.0,0.0,16.0,17.0,44.0,15.0,4.0,1.0,1.0,0.0,0.0,13.0,1.0,2.0,30.0,5.0,1.0,0.0,1.0,0.4243636363636364
SREK1IP1,23.0,2.0,1.0,7.0,3.0,0.0,0.0,5.0,2.0,2.0,0.0,10.0,6.0,3.0,0.0,2.0,1.0,2.0,0.0,1.0,0.0,0.0,0.0,0.0,9.0,0.0,2.0,0.0,2.0,1.0,6.0,3.0,0.4474285714285714
SRMS,0.0,0.0,9.0,0.0,0.0,0.0,7.0,11.0,8.0,3.0,5.0,1.0,8.0,10.0,3.0,3.0,10.0,15.0,17.0,18.0,3.0,14.0,0.0,14.0,3.0,8.0,10.0,25.0,14.0,0.0,1.0,4.0,0.4782051282051283
SRPK1,12.0,4.0,15.0,13.0,11.0,2.0,0.0,0.0,30.0,3.0,3.0,11.0,9.0,9.0,6.0,4.0,10.0,6.0,3.0,5.0,1.0,1.0,8.0,7.0,8.0,3.0,7.0,9.0,16.0,5.0,11.0,15.0,0.6239375
SRSF1,2.0,4.0,3.0,5.0,5.0,3.0,1.0,3.0,1.0,2.0,5.0,0.0,4.0,1.0,8.0,4.0,5.0,9.0,6.0,6.0,1.0,1.0,4.0,1.0,12.0,0.0,7.0,6.0,3.0,5.0,9.0,2.0,0.56824
SSBP2,14.0,5.0,8.0,9.0,8.0,1.0,0.0,2.0,5.0,4.0,4.0,9.0,4.0,6.0,14.0,8.0,4.0,6.0,13.0,5.0,0.0,1.0,2.0,5.0,3.0,2.0,2.0,3.0,7.0,4.0,3.0,7.0,0.5444615384615384
ST14,2.0,10.0,9.0,4.0,10.0,13.0,9.0,6.0,1.0,15.0,20.0,2.0,10.0,9.0,6.0,25.0,15.0,17.0,22.0,16.0,4.0,25.0,4.0,8.0,2.0,10.0,42.0,27.0,12.0,5.0,0.0,28.0,0.5669615384615387
ST3GAL1,39.0,4.0,21.0,1.0,1.0,9.0,0.0,0.0,8.0,7.0,11.0,16.0,12.0,5.0,5.0,24.0,7.0,11.0,13.0,4.0,0.0,7.0,7.0,10.0,4.0,12.0,8.0,23.0,5.0,1.0,0.0,2.0,0.4184444444444445
ST8SIA6,44.0,4.0,8.0,17.0,12.0,2.0,25.0,16.0,7.0,2.0,5.0,3.0,6.0,3.0,19.0,8.0,2.0,30.0,0.0,0.0,7.0,0.0,4.0,4.0,5.0,9.0,9.0,1.0,18.0,32.0,6.0,2.0,0.4172972972972973
STMND1,1.0,0.0,0.0,0.0,0.0,0.0,0.0,0.0,0.0,1.0,1.0,0.0,0.0,0.0,1.0,0.0,1.0,0.0,0.0,0.0,0.0,0.0,0.0,0.0,0.0,0.0,0.0,0.0,0.0,1.0,0.0,0.0,0.31
SULT1B1,24.0,4.0,2.0,17.0,4.0,3.0,0.0,0.0,23.0,4.0,5.0,16.0,13.0,5.0,12.0,12.0,5.0,14.0,7.0,1.0,0.0,0.0,2.0,2.0,25.0,2.0,0.0,18.0,14.0,16.0,18.0,19.0,0.3979512195121951
SYNE2,185.0,46.0,113.0,101.0,67.0,41.0,15.0,62.0,111.0,78.0,57.0,52.0,115.0,87.0,107.0,67.0,112.0,54.0,63.0,18.0,20.0,11.0,54.0,79.0,100.0,57.0,61.0,70.0,68.0,41.0,68.0,99.0,0.5252586206896551
TCHP,5.0,2.0,1.0,5.0,1.0,0.0,0.0,3.0,7.0,16.0,11.0,0.0,6.0,3.0,4.0,9.0,6.0,6.0,8.0,32.0,1.0,2.0,0.0,7.0,4.0,3.0,5.0,3.0,7.0,2.0,0.0,3.0,0.4800909090909091
TDRD1,72.0,28.0,18.0,34.0,18.0,8.0,0.0,29.0,33.0,6.0,15.0,11.0,25.0,46.0,33.0,19.0,32.0,15.0,1.0,2.0,1.0,5.0,17.0,36.0,42.0,27.0,23.0,9.0,16.0,6.0,18.0,19.0,0.4170549450549451
THBS1,30.0,24.0,15.0,4.0,31.0,28.0,11.0,19.0,4.0,17.0,31.0,3.0,13.0,11.0,37.0,25.0,39.0,28.0,36.0,10.0,9.0,7.0,17.0,21.0,24.0,24.0,24.0,35.0,26.0,3.0,7.0,38.0,0.5013647058823529
THTPA,1.0,1.0,4.0,4.0,2.0,3.0,2.0,2.0,0.0,2.0,4.0,0.0,1.0,2.0,2.0,3.0,3.0,3.0,0.0,0.0,0.0,0.0,3.0,4.0,2.0,2.0,4.0,1.0,5.0,1.0,0.0,0.0,0.4168888888888889
TMED2,5.0,7.0,4.0,2.0,16.0,2.0,0.0,0.0,7.0,0.0,4.0,0.0,1.0,3.0,4.0,1.0,2.0,3.0,3.0,4.0,1.0,1.0,0.0,7.0,11.0,8.0,1.0,1.0,5.0,2.0,1.0,8.0,0.524888888888889
TMEM126B,38.0,1.0,1.0,2.0,2.0,1.0,0.0,7.0,11.0,6.0,9.0,1.0,0.0,0.0,2.0,1.0,3.0,11.0,0.0,0.0,0.0,1.0,0.0,1.0,5.0,5.0,2.0,0.0,3.0,5.0,2.0,5.0,0.3518
TMEM14B,4.0,0.0,1.0,1.0,1.0,2.0,0.0,0.0,1.0,2.0,1.0,4.0,1.0,3.0,4.0,0.0,3.0,6.0,3.0,0.0,0.0,0.0,0.0,1.0,0.0,1.0,1.0,13.0,2.0,0.0,2.0,3.0,0.4345
TMEM243,6.0,0.0,8.0,0.0,3.0,7.0,0.0,0.0,10.0,1.0,3.0,2.0,1.0,3.0,2.0,0.0,4.0,2.0,0.0,1.0,1.0,0.0,1.0,2.0,16.0,1.0,0.0,1.0,1.0,6.0,0.0,1.0,0.5114285714285713
TMPRSS4,7.0,3.0,4.0,1.0,5.0,1.0,0.0,10.0,4.0,14.0,10.0,1.0,0.0,39.0,0.0,6.0,10.0,10.0,25.0,2.0,0.0,4.0,2.0,8.0,15.0,2.0,28.0,4.0,7.0,2.0,3.0,1.0,0.4185925925925926
TNF,7.0,6.0,4.0,0.0,1.0,1.0,1.0,1.0,7.0,0.0,5.0,2.0,1.0,8.0,0.0,3.0,4.0,1.0,11.0,1.0,1.0,0.0,5.0,6.0,2.0,0.0,3.0,2.0,8.0,0.0,1.0,5.0,0.343875
TNKS2,19.0,17.0,30.0,10.0,12.0,8.0,2.0,16.0,11.0,10.0,4.0,7.0,19.0,17.0,14.0,10.0,11.0,15.0,2.0,1.0,9.0,1.0,4.0,28.0,14.0,7.0,13.0,0.0,17.0,26.0,6.0,21.0,0.4845666666666665
TNNC1,9.0,0.0,3.0,4.0,2.0,4.0,12.0,1.0,6.0,0.0,11.0,0.0,4.0,7.0,5.0,1.0,1.0,0.0,5.0,4.0,2.0,0.0,2.0,6.0,0.0,4.0,5.0,5.0,1.0,2.0,0.0,10.0,0.5022857142857143
TNPO3,10.0,23.0,20.0,3.0,67.0,11.0,1.0,7.0,29.0,11.0,10.0,13.0,7.0,10.0,12.0,14.0,35.0,13.0,7.0,5.0,9.0,1.0,10.0,4.0,5.0,10.0,4.0,3.0,5.0,12.0,7.0,11.0,0.5005
TOR4A,9.0,0.0,3.0,0.0,1.0,3.0,1.0,1.0,1.0,9.0,2.0,2.0,9.0,5.0,3.0,1.0,5.0,3.0,10.0,5.0,4.0,6.0,1.0,6.0,3.0,3.0,2.0,7.0,14.0,1.0,4.0,1.0,0.3265
TP53INP1,3.0,6.0,9.0,7.0,5.0,4.0,1.0,2.0,0.0,2.0,4.0,2.0,2.0,6.0,1.0,3.0,4.0,5.0,0.0,0.0,1.0,2.0,8.0,3.0,40.0,3.0,6.0,8.0,3.0,5.0,16.0,3.0,0.3968
TP53RK,0.0,1.0,3.0,6.0,1.0,0.0,0.0,1.0,0.0,0.0,0.0,1.0,1.0,4.0,1.0,3.0,0.0,3.0,2.0,0.0,1.0,0.0,0.0,1.0,2.0,1.0,1.0,9.0,3.0,0.0,0.0,2.0,0.5166666666666667
TRAP1,12.0,24.0,8.0,1.0,16.0,3.0,13.0,6.0,9.0,16.0,10.0,10.0,3.0,13.0,2.0,8.0,20.0,12.0,4.0,17.0,9.0,8.0,2.0,8.0,2.0,25.0,29.0,11.0,11.0,6.0,2.0,10.0,0.6701818181818182
TRAPPC9,9.0,13.0,24.0,3.0,4.0,8.0,12.0,11.0,26.0,21.0,20.0,4.0,9.0,10.0,26.0,10.0,36.0,40.0,21.0,15.0,9.0,9.0,4.0,46.0,24.0,30.0,25.0,41.0,23.0,1.0,3.0,22.0,0.6088395061728396
TRAV12-1,0.0,0.0,2.0,0.0,0.0,6.0,0.0,3.0,0.0,0.0,9.0,0.0,9.0,0.0,10.0,5.0,20.0,7.0,1.0,0.0,0.0,0.0,0.0,9.0,4.0,3.0,10.0,0.0,6.0,1.0,2.0,22.0,0.4474285714285714
TRDV3,0.0,0.0,1.0,0.0,2.0,0.0,0.0,0.0,1.0,0.0,0.0,0.0,0.0,0.0,0.0,1.0,2.0,0.0,1.0,0.0,0.0,0.0,0.0,0.0,1.0,1.0,0.0,5.0,0.0,4.0,0.0,0.0,0.3723999999999999
TRIM25,3.0,5.0,6.0,4.0,13.0,3.0,0.0,11.0,5.0,6.0,10.0,2.0,6.0,5.0,8.0,7.0,7.0,5.0,6.0,7.0,3.0,3.0,1.0,3.0,12.0,2.0,4.0,11.0,7.0,1.0,0.0,5.0,0.3646666666666667
TRNAU1AP,6.0,2.0,13.0,1.0,3.0,1.0,0.0,4.0,3.0,2.0,4.0,11.0,8.0,3.0,3.0,9.0,10.0,4.0,4.0,1.0,1.0,0.0,5.0,8.0,2.0,3.0,4.0,7.0,11.0,3.0,14.0,6.0,0.50675
TROAP,7.0,10.0,4.0,1.0,3.0,22.0,2.0,2.0,23.0,8.0,27.0,7.0,5.0,5.0,1.0,7.0,22.0,12.0,23.0,8.0,2.0,2.0,10.0,14.0,6.0,4.0,12.0,34.0,14.0,6.0,0.0,21.0,0.4981153846153848
TSC1,31.0,19.0,13.0,2.0,19.0,15.0,5.0,5.0,21.0,10.0,23.0,9.0,19.0,12.0,7.0,24.0,33.0,13.0,11.0,5.0,3.0,12.0,3.0,16.0,28.0,19.0,24.0,18.0,10.0,8.0,6.0,29.0,0.7236538461538462
TSC2,11.0,12.0,12.0,8.0,12.0,26.0,20.0,2.0,17.0,26.0,36.0,6.0,10.0,14.0,5.0,14.0,43.0,51.0,38.0,14.0,10.0,2.0,7.0,25.0,21.0,16.0,23.0,35.0,47.0,9.0,2.0,23.0,0.7412210526315789
TSC22D2,33.0,11.0,25.0,9.0,7.0,6.0,2.0,9.0,9.0,17.0,7.0,3.0,4.0,6.0,3.0,7.0,6.0,10.0,8.0,8.0,1.0,8.0,4.0,6.0,3.0,2.0,6.0,6.0,14.0,3.0,3.0,3.0,0.4549285714285713
TSEN34,1.0,1.0,8.0,0.0,2.0,10.0,4.0,7.0,3.0,11.0,12.0,1.0,0.0,0.0,2.0,1.0,8.0,10.0,5.0,1.0,1.0,9.0,6.0,8.0,0.0,0.0,0.0,6.0,5.0,2.0,5.0,1.0,0.4816363636363636
TSSC1,7.0,6.0,1.0,2.0,6.0,6.0,11.0,1.0,2.0,6.0,8.0,6.0,1.0,15.0,4.0,6.0,7.0,13.0,4.0,8.0,5.0,0.0,1.0,24.0,1.0,7.0,5.0,8.0,2.0,3.0,0.0,9.0,0.4679310344827585
TTC37,29.0,8.0,27.0,43.0,17.0,8.0,1.0,8.0,18.0,31.0,7.0,19.0,6.0,5.0,30.0,7.0,27.0,7.0,10.0,0.0,7.0,16.0,19.0,18.0,23.0,3.0,19.0,10.0,6.0,5.0,22.0,18.0,0.385342105263158
TTC9B,0.0,4.0,2.0,0.0,10.0,0.0,0.0,2.0,2.0,0.0,1.0,0.0,3.0,1.0,1.0,2.0,3.0,1.0,7.0,0.0,1.0,0.0,1.0,0.0,0.0,0.0,2.0,9.0,0.0,0.0,0.0,0.0,0.3284
TTN,2021.0,1182.0,1719.0,1121.0,950.0,784.0,215.0,910.0,1402.0,878.0,866.0,815.0,752.0,966.0,1278.0,1015.0,1448.0,1142.0,594.0,201.0,239.0,141.0,575.0,841.0,1652.0,570.0,827.0,626.0,927.0,839.0,1049.0,1294.0,0.4611967294350846
TTYH2,3.0,6.0,11.0,2.0,7.0,8.0,3.0,4.0,9.0,4.0,17.0,0.0,1.0,11.0,2.0,10.0,17.0,26.0,15.0,3.0,7.0,4.0,1.0,13.0,5.0,16.0,24.0,7.0,2.0,6.0,14.0,3.0,0.6105185185185185
TUBB4B,7.0,7.0,1.0,1.0,3.0,3.0,1.0,1.0,5.0,24.0,8.0,0.0,1.0,6.0,2.0,2.0,9.0,7.0,11.0,1.0,1.0,7.0,2.0,8.0,4.0,1.0,8.0,19.0,13.0,1.0,0.0,3.0,0.4674166666666666
TVP23A,3.0,1.0,13.0,0.0,7.0,1.0,0.0,0.0,4.0,6.0,4.0,2.0,0.0,1.0,1.0,5.0,0.0,7.0,6.0,1.0,0.0,0.0,2.0,1.0,6.0,1.0,1.0,4.0,12.0,1.0,1.0,4.0,0.4542857142857142
UBXN4,23.0,5.0,13.0,23.0,9.0,3.0,1.0,7.0,8.0,10.0,4.0,4.0,3.0,8.0,8.0,3.0,9.0,5.0,8.0,10.0,0.0,0.0,10.0,4.0,12.0,3.0,6.0,3.0,6.0,5.0,7.0,2.0,0.3872000000000001
UGT3A2,27.0,10.0,31.0,45.0,16.0,15.0,5.0,46.0,19.0,26.0,16.0,17.0,8.0,20.0,25.0,34.0,32.0,34.0,59.0,0.0,3.0,95.0,10.0,14.0,18.0,18.0,58.0,76.0,9.0,7.0,3.0,36.0,0.3533802816901408
UNC45B,4.0,17.0,21.0,4.0,21.0,17.0,4.0,15.0,47.0,22.0,25.0,11.0,78.0,27.0,17.0,41.0,51.0,30.0,15.0,15.0,0.0,4.0,7.0,23.0,18.0,18.0,20.0,13.0,29.0,8.0,2.0,18.0,0.4678421052631578
VAMP1,18.0,1.0,3.0,1.0,2.0,6.0,1.0,0.0,5.0,4.0,8.0,0.0,11.0,2.0,1.0,5.0,4.0,5.0,3.0,1.0,1.0,2.0,1.0,2.0,3.0,2.0,3.0,8.0,2.0,1.0,0.0,0.0,0.528
VCX3B,0.0,1.0,6.0,0.0,3.0,3.0,4.0,5.0,35.0,7.0,12.0,0.0,2.0,1.0,3.0,4.0,21.0,5.0,3.0,0.0,8.0,2.0,6.0,37.0,3.0,2.0,2.0,3.0,3.0,0.0,0.0,8.0,0.3922000000000001
WDR88,22.0,25.0,23.0,13.0,9.0,12.0,12.0,8.0,16.0,9.0,7.0,3.0,15.0,9.0,5.0,13.0,5.0,10.0,35.0,2.0,21.0,4.0,6.0,38.0,18.0,2.0,23.0,6.0,16.0,1.0,5.0,4.0,0.3268571428571428
WDSUB1,9.0,4.0,7.0,1.0,10.0,4.0,1.0,7.0,6.0,6.0,4.0,1.0,2.0,4.0,4.0,3.0,4.0,3.0,0.0,0.0,0.0,0.0,7.0,2.0,29.0,4.0,20.0,5.0,5.0,3.0,2.0,3.0,0.4606363636363637
XKR7,1.0,0.0,50.0,2.0,4.0,22.0,3.0,11.0,25.0,17.0,25.0,3.0,13.0,34.0,12.0,12.0,25.0,13.0,21.0,22.0,0.0,24.0,10.0,24.0,2.0,37.0,19.0,15.0,17.0,16.0,3.0,16.0,0.4265185185185186
YEATS2,27.0,33.0,17.0,19.0,11.0,12.0,4.0,15.0,20.0,20.0,12.0,16.0,7.0,12.0,8.0,13.0,32.0,27.0,17.0,6.0,2.0,6.0,15.0,23.0,20.0,17.0,11.0,10.0,21.0,7.0,6.0,21.0,0.457279069767442
ZBTB14,12.0,3.0,27.0,0.0,8.0,4.0,2.0,1.0,18.0,5.0,3.0,2.0,11.0,2.0,3.0,16.0,9.0,4.0,4.0,5.0,2.0,4.0,1.0,3.0,86.0,7.0,22.0,8.0,11.0,0.0,8.0,19.0,0.4466206896551722
ZBTB2,12.0,12.0,11.0,2.0,13.0,5.0,1.0,1.0,11.0,4.0,4.0,1.0,11.0,7.0,5.0,5.0,9.0,6.0,3.0,0.0,3.0,0.0,10.0,7.0,17.0,3.0,7.0,9.0,10.0,3.0,1.0,15.0,0.3959999999999999
ZBTB8OS,1.0,0.0,5.0,5.0,4.0,3.0,0.0,5.0,0.0,1.0,1.0,0.0,0.0,0.0,2.0,0.0,0.0,2.0,1.0,0.0,0.0,1.0,5.0,2.0,5.0,0.0,1.0,0.0,1.0,1.0,2.0,0.0,0.5185714285714286
ZEB2,45.0,22.0,59.0,33.0,28.0,33.0,7.0,39.0,50.0,126.0,97.0,18.0,24.0,65.0,64.0,23.0,79.0,47.0,23.0,6.0,8.0,10.0,29.0,36.0,54.0,28.0,19.0,27.0,21.0,18.0,18.0,40.0,0.7191788079470203
ZFYVE9,23.0,12.0,12.0,12.0,19.0,28.0,1.0,14.0,20.0,15.0,11.0,10.0,15.0,27.0,13.0,12.0,21.0,32.0,10.0,1.0,2.0,9.0,13.0,16.0,15.0,4.0,25.0,6.0,18.0,15.0,9.0,11.0,0.4027792207792207
ZMYM6,49.0,7.0,20.0,21.0,14.0,18.0,1.0,25.0,17.0,17.0,9.0,10.0,2.0,18.0,20.0,6.0,9.0,10.0,6.0,0.0,10.0,0.0,3.0,11.0,28.0,36.0,13.0,4.0,4.0,9.0,32.0,23.0,0.4065818181818181
ZNF174,21.0,1.0,3.0,8.0,13.0,5.0,0.0,1.0,15.0,5.0,11.0,3.0,6.0,0.0,22.0,6.0,14.0,4.0,1.0,5.0,2.0,2.0,1.0,12.0,8.0,11.0,4.0,0.0,14.0,1.0,3.0,9.0,0.4150000000000001
ZNF404,32.0,10.0,9.0,11.0,12.0,7.0,1.0,4.0,5.0,0.0,6.0,8.0,3.0,15.0,21.0,13.0,6.0,1.0,1.0,1.0,0.0,0.0,2.0,5.0,18.0,3.0,1.0,3.0,0.0,4.0,14.0,16.0,0.3281025641025641
ZNF486,19.0,3.0,5.0,14.0,10.0,7.0,0.0,13.0,7.0,4.0,7.0,4.0,3.0,4.0,13.0,15.0,3.0,10.0,0.0,0.0,0.0,0.0,9.0,28.0,19.0,3.0,1.0,4.0,8.0,8.0,6.0,15.0,0.2175471698113207
ZNF510,20.0,4.0,0.0,4.0,16.0,5.0,0.0,8.0,10.0,1.0,1.0,2.0,5.0,3.0,15.0,3.0,9.0,3.0,5.0,0.0,1.0,1.0,3.0,14.0,17.0,2.0,0.0,0.0,1.0,6.0,13.0,91.0,0.33
ZNF549,10.0,1.0,35.0,10.0,20.0,33.0,4.0,6.0,9.0,6.0,7.0,5.0,13.0,19.0,5.0,37.0,11.0,8.0,4.0,2.0,0.0,4.0,0.0,25.0,33.0,5.0,8.0,8.0,17.0,8.0,4.0,25.0,0.3222857142857143
ZNF560,135.0,22.0,147.0,34.0,91.0,13.0,5.0,17.0,41.0,7.0,23.0,30.0,20.0,89.0,18.0,40.0,41.0,9.0,7.0,1.0,2.0,0.0,9.0,22.0,23.0,21.0,8.0,15.0,12.0,22.0,13.0,25.0,0.2587252747252747
ZNF595,59.0,18.0,13.0,82.0,75.0,46.0,0.0,1.0,15.0,2.0,33.0,11.0,8.0,34.0,15.0,51.0,28.0,16.0,32.0,7.0,8.0,4.0,11.0,45.0,59.0,18.0,22.0,27.0,22.0,7.0,3.0,21.0,0.3559999999999998
ZNF627,14.0,7.0,5.0,2.0,2.0,1.0,1.0,12.0,70.0,4.0,14.0,12.0,55.0,6.0,3.0,2.0,4.0,7.0,1.0,0.0,0.0,1.0,3.0,9.0,18.0,71.0,3.0,2.0,62.0,8.0,1.0,17.0,0.2483199999999999
ZNF692,6.0,3.0,13.0,1.0,10.0,3.0,0.0,6.0,8.0,4.0,10.0,2.0,4.0,2.0,11.0,5.0,9.0,13.0,7.0,1.0,4.0,4.0,5.0,11.0,25.0,5.0,3.0,2.0,16.0,8.0,1.0,1.0,0.3959130434782609
ZNF709,46.0,10.0,112.0,60.0,24.0,6.0,2.0,8.0,7.0,21.0,28.0,5.0,0.0,42.0,2.0,3.0,86.0,10.0,4.0,2.0,0.0,2.0,25.0,11.0,25.0,1.0,2.0,2.0,18.0,26.0,3.0,114.0,0.3184651162790697
ZNF821,2.0,5.0,8.0,1.0,5.0,6.0,1.0,8.0,6.0,2.0,2.0,0.0,1.0,2.0,0.0,7.0,2.0,3.0,11.0,2.0,0.0,1.0,1.0,15.0,0.0,6.0,2.0,6.0,15.0,0.0,1.0,6.0,0.4783809523809523
ZUFSP,16.0,10.0,8.0,12.0,10.0,6.0,0.0,4.0,3.0,4.0,1.0,1.0,5.0,6.0,9.0,4.0,12.0,5.0,1.0,0.0,0.0,0.0,4.0,6.0,13.0,8.0,1.0,4.0,4.0,2.0,5.0,17.0,0.3846666666666667
